identifier,process,crossSection=-1,BR=1,execute=True,dataset,prefix,pattern,splitLevel,::variables,::pyFragments,comment


ggH0L1_M125, ,-1,0,,/Higgs0L1ToZZTo4L_M125_13TeV_powheg2_JHUgenV6_pythia8/RunIISpring16MiniAODv2-PUSpring16RAWAODSIM_reHLT_80X_mcRun2_asymptotic_v14-v1/MINIAODSIM,dbs,,2,ghz1_prime2=1;SPIN=0;REWEIGHTING_TYPE=HVV_spin012;APPLY_K_NNLOQCD_ZZGG=2;PRODANOMALOUS=True;REWEIGHTING_CUTOFFS=1609350658.37|853637000.205|758989735.507|-1.0|5670247394.71|5824326248.45|784365919.398|3.09139419932e+13,,
ggH0L1f05ph0_M125, ,-1,0,,/Higgs0L1f05ph0ToZZTo4L_M125_13TeV_powheg2_JHUgenV6_pythia8/RunIISpring16MiniAODv2-PUSpring16RAWAODSIM_reHLT_80X_mcRun2_asymptotic_v14-v1/MINIAODSIM,dbs,,2,ghz1=1;ghz1_prime2=-12100.42;REWEIGHTING_TYPE=HVV_spin012;APPLY_K_NNLOQCD_ZZGG=2;PRODANOMALOUS=True;REWEIGHTING_CUTOFFS=3460.88014434|1226.44845015|593.45241543|2.42381331034e-05|13138.1639127|7032.46702021|1.08896774681|108959115.499,,
ggH0M_M125, ,-1,0,,/Higgs0MToZZTo4L_M125_13TeV_powheg2_JHUgenV6_pythia8/RunIISpring16MiniAODv2-PUSpring16RAWAODSIM_reHLT_80X_mcRun2_asymptotic_v14-v1/MINIAODSIM,dbs,,2,ghz4=1;REWEIGHTING_TYPE=HVV_spin012;APPLY_K_NNLOQCD_ZZGG=2;PRODANOMALOUS=True;REWEIGHTING_CUTOFFS=314.902169678|143.969557361|-1.0|2.43960661664e-06|1372.19007344|354.501041064|28.4482958939|8514705.6576,,
ggH0Mf05ph0_M125, ,-1,0,,/Higgs0Mf05ph0ToZZTo4L_M125_13TeV_powheg2_JHUgenV6_pythia8/RunIISpring16MiniAODv2-PUSpring16RAWAODSIM_reHLT_80X_mcRun2_asymptotic_v14-v1/MINIAODSIM,dbs,,2,ghz1=1;ghz4=2.55052;REWEIGHTING_TYPE=HVV_spin012;APPLY_K_NNLOQCD_ZZGG=2;PRODANOMALOUS=True;REWEIGHTING_CUTOFFS=1.39331649781|0.921240498614|0.175836705789|1.32568152932e-08|7.37544940514|1.00348667337|0.502427568543|66495.7948328,,
ggH0PH_M125, ,-1,0,,/Higgs0PHToZZTo4L_M125_13TeV_powheg2_JHUgenV6_pythia8/RunIISpring16MiniAODv2-PUSpring16RAWAODSIM_reHLT_80X_mcRun2_asymptotic_v14-v1/MINIAODSIM,dbs,,2,ghz2=1;REWEIGHTING_TYPE=HVV_spin012;APPLY_K_NNLOQCD_ZZGG=2;PRODANOMALOUS=True;REWEIGHTING_CUTOFFS=45.0391932983|-1.0|4.12795165405|2.76857747804e-07|62.819777185|67.8954567139|12.0873060898|1046399.1949,,
ggH0PHf05ph0_M125, ,-1,0,,/Higgs0PHf05ph0ToZZTo4L_M125_13TeV_powheg2_JHUgenV6_pythia8/RunIISpring16MiniAODv2-PUSpring16RAWAODSIM_reHLT_80X_mcRun2_asymptotic_v14-v1/MINIAODSIM,dbs,,2,ghz1=1;ghz2=1.65684;REWEIGHTING_TYPE=HVV_spin012;APPLY_K_NNLOQCD_ZZGG=2;PRODANOMALOUS=True;REWEIGHTING_CUTOFFS=0.906817626393|0.20075873875|0.193736699766|5.83157200023e-09|1.0055692662|1.62666106102|0.491610062802|29701.6903922,,
ggH0PM_M125, ,-1,0,,/Higgs0PMToZZTo4L_M125_13TeV_powheg2_JHUgenV6_pythia8/RunIISpring16MiniAODv2-PUSpring16RAWAODSIM_reHLT_80X_mcRun2_asymptotic_v14-v1/MINIAODSIM,dbs,,2,ghz1=1;REWEIGHTING_TYPE=HVV_spin012;APPLY_K_NNLOQCD_ZZGG=2;PRODANOMALOUS=True;REWEIGHTING_CUTOFFS=-1.0|1.91080768954|1.68689362191|1.56757532611e-08|10.3740275822|11.9579015718|0.604528290564|122637.037966,,

VBFH0L1_M125, ,-1,0,,/VBFHiggs0L1ToZZTo4L_M125_13TeV_JHUgenV6_pythia8/RunIISpring16MiniAODv2-PUSpring16RAWAODSIM_reHLT_80X_mcRun2_asymptotic_v14-v1/MINIAODSIM,dbs,,2,ghz1_prime2=1;SPIN=0;REWEIGHTING_TYPE=VBFHZZ_spin0;VVMODE=1;VVDECAYMODE=0;PRODANOMALOUS=True;REWEIGHTING_CUTOFFS=1.83853431319e+17|3.40344958889e+17|1.71976146603e+17|-1.0|9.51028015472e+18|1.25998662401e+19|1.21886745397e+17|3.45203045923e+17|2.88938060576e+17|1.65670931444e+17|2.98340503005e+17|8.49962176838e+17|1.12805617524e+17,,
VBFH0L1f05ph0_M125, ,-1,0,,/VBFHiggs0L1f05ph0ToZZTo4L_M125_13TeV_JHUgenV6_pythia8/RunIISpring16MiniAODv2-PUSpring16RAWAODSIM_reHLT_80X_mcRun2_asymptotic_v14-v1/MINIAODSIM,dbs,,2,ghz1=1;ghz1_prime2=-2158.21;SPIN=0;REWEIGHTING_TYPE=VBFHZZ_spin0;VVMODE=1;VVDECAYMODE=0;PRODANOMALOUS=True;REWEIGHTING_CUTOFFS=1.56894835532|220.967863846|88.8898057937|4.49531202777e-15|5819.01778564|5948.71646728|18.2981595039|58.5001564026|56.1130158424|-1.0|161.478241348|498.004434967|4.68132153749,,
VBFH0M_M125, ,-1,0,,/VBFHiggs0MToZZTo4L_M125_13TeV_JHUgenV6_pythia8/RunIISpring16MiniAODv2-PUSpring16RAWAODSIM_reHLT_80X_mcRun2_asymptotic_v14-v1/MINIAODSIM,dbs,,2,ghz4=1;SPIN=0;REWEIGHTING_TYPE=VBFHZZ_spin0;VVMODE=1;VVDECAYMODE=0;PRODANOMALOUS=True;REWEIGHTING_CUTOFFS=413.291565436|281.472577856|-1.0|3.63128696955e-13|10117.3668771|2133.28556294|270.007189722|614.294556305|374.686112869|461.851051587|278.644753043|671.662517065|626.96239931,,
VBFH0Mf05ph0_M125, ,-1,0,,/VBFHiggs0Mf05ph0ToZZTo4L_M125_13TeV_JHUgenV6_pythia8/RunIISpring16MiniAODv2-PUSpring16RAWAODSIM_reHLT_80X_mcRun2_asymptotic_v14-v1/MINIAODSIM,dbs,,2,ghz1=1;ghz4=0.297979;SPIN=0;REWEIGHTING_TYPE=VBFHZZ_spin0;VVMODE=1;VVDECAYMODE=0;PRODANOMALOUS=True;REWEIGHTING_CUTOFFS=24.9333088303|197.982725153|54.6153145691|1.44432952875e-13|5446.07474004|2972.28044804|291.662807263|74.2610821502|-1.0|97.952968167|87.9457054199|390.854583752|239.773802466,,
VBFH0PH_M125, ,-1,0,,/VBFHiggs0PHToZZTo4L_M125_13TeV_JHUgenV6_pythia8/RunIISpring16MiniAODv2-PUSpring16RAWAODSIM_reHLT_80X_mcRun2_asymptotic_v14-v1/MINIAODSIM,dbs,,2,ghz2=1;SPIN=0;REWEIGHTING_TYPE=VBFHZZ_spin0;VVMODE=1;VVDECAYMODE=0;PRODANOMALOUS=True;REWEIGHTING_CUTOFFS=98.5846155594|-1.0|30.3221972382|7.11945118581e-14|358.561781646|2851.81776469|142.759387421|123.756997262|113.884082111|91.4720222244|49.2440372337|205.782698883|127.2215105,,
VBFH0PHf05ph0_M125, ,-1,0,,/VBFHiggs0PHf05ph0ToZZTo4L_M125_13TeV_JHUgenV6_pythia8/RunIISpring16MiniAODv2-PUSpring16RAWAODSIM_reHLT_80X_mcRun2_asymptotic_v14-v1/MINIAODSIM,dbs,,2,ghz1=1;ghz2=.271965;SPIN=0;REWEIGHTING_TYPE=VBFHZZ_spin0;VVMODE=1;VVDECAYMODE=0;PRODANOMALOUS=True;REWEIGHTING_CUTOFFS=19.9706342773|106.068392029|70.004157959|1.37717507537e-13|1863.2329502|4426.89008984|224.432165283|-1.0|37.1502247009|89.7520517578|98.9680316162|356.506546142|267.15407251,,
VBFH0PM_M125, ,-1,0,,/VBFHiggs0PMToZZTo4L_M125_13TeV_JHUgenV6_pythia8/RunIISpring16MiniAODv2-PUSpring16RAWAODSIM_reHLT_80X_mcRun2_asymptotic_v14-v1/MINIAODSIM,dbs,,2,ghz1=1;SPIN=0;REWEIGHTING_TYPE=VBFHZZ_spin0;VVMODE=1;VVDECAYMODE=0;PRODANOMALOUS=True;REWEIGHTING_CUTOFFS=-1.0|2972.33681286|838.21477611|1.0820580207e-12|86421.6771719|88619.0202624|1700.83151377|629.168400403|460.093384741|559.613863006|1190.45294817|4583.00967583|1755.98786472,,

WH0L1_M125, ,-1,0,,/WHiggs0L1ToZZTo4L_M125_13TeV_JHUgenV6_pythia8/RunIISpring16MiniAODv2-PUSpring16RAWAODSIM_reHLT_80X_mcRun2_asymptotic_v14-v1/MINIAODSIM,dbs,,2,ghz1_prime2=1;SPIN=0;REWEIGHTING_TYPE=WHZZ_spin0;VVMODE=1;VVDECAYMODE=0;PRODANOMALOUS=True;REWEIGHTING_CUTOFFS=1.51834010158e+15|1.00850300362e+17|5.06053994173e+16|-1.0|2.32100074263e+18|2.54072931983e+18|8.8257654804e+16|1.82637454787e+15|3.80044796735e+15|7.19201432505e+14|2.52358978165e+16|5.96614471862e+16|6.60684108016e+15,,
WH0L1f05ph0_M125, ,-1,0,,/WHiggs0L1f05ph0ToZZTo4L_M125_13TeV_JHUgenV6_pythia8/RunIISpring16MiniAODv2-PUSpring16RAWAODSIM_reHLT_80X_mcRun2_asymptotic_v14-v1/MINIAODSIM,dbs,,2,ghz1=1;ghz1_prime2=-525.274;SPIN=0;REWEIGHTING_TYPE=WHZZ_spin0;VVMODE=1;VVDECAYMODE=0;PRODANOMALOUS=True;REWEIGHTING_CUTOFFS=236.194632904|16845.5475125|6795.80019507|7.95987526924e-12|489265.906215|467965.413474|2812.74455749|188.801639279|892.013230401|-1.0|6751.74897705|12706.4069631|2392.66817627,,
WH0M_M125, ,-1,0,,/WHiggs0MToZZTo4L_M125_13TeV_JHUgenV6_pythia8/RunIISpring16MiniAODv2-PUSpring16RAWAODSIM_reHLT_80X_mcRun2_asymptotic_v14-v1/MINIAODSIM,dbs,,2,ghz4=1;SPIN=0;REWEIGHTING_TYPE=WHZZ_spin0;VVMODE=1;VVDECAYMODE=0;PRODANOMALOUS=True;REWEIGHTING_CUTOFFS=18.6246191339|335.560220627|-1.0|5.88254664706e-13|8561.40889551|1567.69546454|1060.01563461|6.31860342884|28.6161727924|28.4680592957|221.852194397|80.4558213196|378.813281174,,
WH0Mf05ph0_M125, ,-1,0,,/WHiggs0Mf05ph0ToZZTo4L_M125_13TeV_JHUgenV6_pythia8/RunIISpring16MiniAODv2-PUSpring16RAWAODSIM_reHLT_80X_mcRun2_asymptotic_v14-v1/MINIAODSIM,dbs,,2,ghz1=1;ghz4=0.1236136;SPIN=0;REWEIGHTING_TYPE=WHZZ_spin0;VVMODE=1;VVDECAYMODE=0;PRODANOMALOUS=True;REWEIGHTING_CUTOFFS=22.8468287691|826.088462329|286.279348581|2.85398998631e-12|17825.2294268|22445.3060674|4925.33187602|41.1375552616|-1.0|82.0845202812|196.775357223|895.77703938|1434.5211014,,
WH0PH_M125, ,-1,0,,/WHiggs0PHToZZTo4L_M125_13TeV_JHUgenV6_pythia8/RunIISpring16MiniAODv2-PUSpring16RAWAODSIM_reHLT_80X_mcRun2_asymptotic_v14-v1/MINIAODSIM,dbs,,2,ghz2=1;SPIN=0;REWEIGHTING_TYPE=WHZZ_spin0;VVMODE=1;VVDECAYMODE=0;PRODANOMALOUS=True;REWEIGHTING_CUTOFFS=1.1008496788|-1.0|13.3583774918|1.26969913511e-13|238.976199658|1304.00821152|333.129675879|0.848853496647|3.04063800621|3.78383009109|15.7053675766|34.6945061584|65.2662554932,,
WH0PHf05ph0_M125, ,-1,0,,/WHiggs0PHf05ph0ToZZTo4L_M125_13TeV_JHUgenV6_pythia8/RunIISpring16MiniAODv2-PUSpring16RAWAODSIM_reHLT_80X_mcRun2_asymptotic_v14-v1/MINIAODSIM,dbs,,2,ghz1=1;ghz2=0.0998956;SPIN=0;REWEIGHTING_TYPE=WHZZ_spin0;VVMODE=1;VVDECAYMODE=0;PRODANOMALOUS=True;REWEIGHTING_CUTOFFS=147.356841068|7513.42992148|1606.38878582|8.08481545817e-12|161764.527237|102189.885695|13809.1070812|-1.0|280.538218643|208.817608749|2126.33704561|2443.59062964|4452.52366821,,
WH0PM_M125, ,-1,0,,/WHiggs0PMToZZTo4L_M125_13TeV_JHUgenV6_pythia8/RunIISpring16MiniAODv2-PUSpring16RAWAODSIM_reHLT_80X_mcRun2_asymptotic_v14-v1/MINIAODSIM,dbs,,2,ghz1=1;SPIN=0;REWEIGHTING_TYPE=WHZZ_spin0;VVMODE=1;VVDECAYMODE=0;PRODANOMALOUS=True;REWEIGHTING_CUTOFFS=-1.0|4767.20659766|2084.53256602|2.0501384014e-11|124950.9743|161310.837969|16921.0794769|125.754751483|185.918762549|725.084924999|1483.37682114|3677.53012432|11918.0806543,,

ZH0L1_M125, ,-1,0,,/ZHiggs0L1ToZZ_4LFilter_M125_13TeV_JHUgenV6_pythia8/RunIISpring16MiniAODv2-PUSpring16RAWAODSIM_reHLT_80X_mcRun2_asymptotic_v14-v1/MINIAODSIM,dbs,,2,ghz1_prime2=1;SPIN=0;REWEIGHTING_TYPE=ZHZZ_spin0;VVMODE=1;VVDECAYMODE=-2;PRODANOMALOUS=True;REWEIGHTING_CUTOFFS=4.0518540545e+15|4.06320678049e+16|3.06396661885e+16|-1.0|1.03487939997e+18|1.88116646987e+18|2.32712543116e+17|8.67227944982e+14|3.93346776385e+15|9.31040851079e+14|4.70277216442e+16|3.90760574176e+16|1.44033707178e+16,,
ZH0L1f05ph0_M125, ,-1,0,,/ZHiggs0L1f05ph0ToZZ_4LFilter_M125_13TeV_JHUgenV6_pythia8/RunIISpring16MiniAODv2-PUSpring16RAWAODSIM_reHLT_80X_mcRun2_asymptotic_v14-v1/MINIAODSIM,dbs,,2,ghz1=1;ghz1_prime2=-517.788;SPIN=0;REWEIGHTING_TYPE=ZHZZ_spin0;VVMODE=1;VVDECAYMODE=-2;PRODANOMALOUS=True;REWEIGHTING_CUTOFFS=155.803901446|9974.2929117|2778.03417331|4.53192731072e-12|254751.164091|250551.297564|6506.3616125|169.400303203|510.152935916|-1.0|4504.31704081|7761.86882114|1588.08040298,,
ZH0M_M125, ,-1,0,,/ZHiggs0MToZZ_4LFilter_M125_13TeV_JHUgenV6_pythia8/RunIISpring16MiniAODv2-PUSpring16RAWAODSIM_reHLT_80X_mcRun2_asymptotic_v14-v1/MINIAODSIM,dbs,,2,ghz4=1;SPIN=0;REWEIGHTING_TYPE=ZHZZ_spin0;VVMODE=1;VVDECAYMODE=-2;PRODANOMALOUS=True;REWEIGHTING_CUTOFFS=21.0291419525|314.42682539|-1.0|5.91818473828e-13|7631.14739219|1683.23815879|1224.92860195|5.85934484252|25.4957231811|19.3929548157|195.29795647|105.268413794|305.942438623,,
ZH0Mf05ph0_M125, ,-1,0,,/ZHiggs0Mf05ph0ToZZ_4LFilter_M125_13TeV_JHUgenV6_pythia8/RunIISpring16MiniAODv2-PUSpring16RAWAODSIM_reHLT_80X_mcRun2_asymptotic_v14-v1/MINIAODSIM,dbs,,2,ghz1=1;ghz4=0.144057;SPIN=0;REWEIGHTING_TYPE=ZHZZ_spin0;VVMODE=1;VVDECAYMODE=-2;PRODANOMALOUS=True;REWEIGHTING_CUTOFFS=4.35879993896|223.006795654|76.8231445556|1.55350351229e-12|5814.61642969|3614.95931172|3193.22989258|7.38007079163|-1.0|57.9944846374|67.4907513794|98.8060348144|995.528306152,,
ZH0PH_M125, ,-1,0,,/ZHiggs0PHToZZ_4LFilter_M125_13TeV_JHUgenV6_pythia8/RunIISpring16MiniAODv2-PUSpring16RAWAODSIM_reHLT_80X_mcRun2_asymptotic_v14-v1/MINIAODSIM,dbs,,2,ghz2=1;SPIN=0;REWEIGHTING_TYPE=ZHZZ_spin0;VVMODE=1;VVDECAYMODE=-2;PRODANOMALOUS=True;REWEIGHTING_CUTOFFS=1.78793386965|-1.0|8.35763637142|1.64549105214e-13|287.915887573|786.584046374|301.353533704|0.805135623133|2.94300371027|6.02647036295|26.6993960648|33.5559225403|105.783192682,,
ZH0PHf05ph0_M125, ,-1,0,,/ZHiggs0PHf05ph0ToZZ_4LFilter_M125_13TeV_JHUgenV6_pythia8/RunIISpring16MiniAODv2-PUSpring16RAWAODSIM_reHLT_80X_mcRun2_asymptotic_v14-v1/MINIAODSIM,dbs,,2,ghz1=1;ghz2=0.112481;SPIN=0;REWEIGHTING_TYPE=ZHZZ_spin0;VVMODE=1;VVDECAYMODE=-2;PRODANOMALOUS=True;REWEIGHTING_CUTOFFS=81.5256766678|2222.71372637|593.377668175|3.52803642186e-12|50400.454393|43868.797043|7509.14531611|-1.0|144.050808255|115.852018724|1051.71996418|1124.44939668|2020.59899768,,
ZH0PM_M125, ,-1,0,,/ZHiggs0PMToZZ_4LFilter_M125_13TeV_JHUgenV6_pythia8/RunIISpring16MiniAODv2-PUSpring16RAWAODSIM_reHLT_80X_mcRun2_asymptotic_v14-v1/MINIAODSIM,dbs,,2,ghz1=1;SPIN=0;REWEIGHTING_TYPE=ZHZZ_spin0;VVMODE=1;VVDECAYMODE=-2;PRODANOMALOUS=True;REWEIGHTING_CUTOFFS=-1.0|2550.63767246|1080.36010449|1.6890488283e-11|69591.9980125|75211.829025|19481.9515344|89.4178279724|127.148961914|508.359296289|785.886689111|2570.02310859|9050.09003203,,

HJJ0M_M125, ,-1,0,,/JJHiggs0MToZZTo4L_M125_13TeV_JHUgenV6_pythia8/RunIISpring16MiniAODv2-PUSpring16RAWAODSIM_reHLT_80X_mcRun2_asymptotic_v14-v1/MINIAODSIM,dbs,,2,ghz4=1;APPLY_K_NNLOQCD_ZZGG=2;PRODANOMALOUS=True,,
HJJ0Mf05ph0_M125, ,-1,0,,/JJHiggs0Mf05ph0ToZZTo4L_M125_13TeV_JHUgenV6_pythia8/RunIISpring16MiniAODv2-PUSpring16RAWAODSIM_reHLT_80X_mcRun2_asymptotic_v14-v1/MINIAODSIM,dbs,,2,ghz1=1;ghz4=2.55052;APPLY_K_NNLOQCD_ZZGG=2;PRODANOMALOUS=True,,
HJJ0PM_M125, ,-1,0,,/JJHiggs0PMToZZTo4L_M125_13TeV_JHUgenV6_pythia8/RunIISpring16MiniAODv2-PUSpring16RAWAODSIM_reHLT_80X_mcRun2_asymptotic_v14-v1/MINIAODSIM,dbs,,2,ghz1=1;APPLY_K_NNLOQCD_ZZGG=2;PRODANOMALOUS=True,,

ttH0M_M125, ,-1,0,,/ttHiggs0MToZZ_4LFilter_M125_13TeV_JHUgenV6_pythia8/RunIISpring16MiniAODv2-PUSpring16RAWAODSIM_reHLT_80X_mcRun2_asymptotic_v14-v1/MINIAODSIM,dbs,,2,ghz4=1;APPLY_K_NNLOQCD_ZZGG=2;PRODANOMALOUS=True,,
ttH0Mf05ph0_M125, ,-1,0,,/ttHiggs0Mf05ph0ToZZ_4LFilter_M125_13TeV_JHUgenV6_pythia8/RunIISpring16MiniAODv2-PUSpring16RAWAODSIM_reHLT_80X_mcRun2_asymptotic_v14-v1/MINIAODSIM,dbs,,2,ghz1=1;ghz4=2.55052;APPLY_K_NNLOQCD_ZZGG=2;PRODANOMALOUS=True,,
ttH0PM_M125, ,-1,0,,/ttHiggs0PMToZZ_4LFilter_M125_13TeV_JHUgenV6_pythia8/RunIISpring16MiniAODv2-PUSpring16RAWAODSIM_reHLT_80X_mcRun2_asymptotic_v14-v1/MINIAODSIM,dbs,,2,ghz1=1;APPLY_K_NNLOQCD_ZZGG=2;PRODANOMALOUS=True,,

###,,,,,,,,,,,#For graviton samples apply NNLO/LO K factor at the very most not NNLO/NLO as in POWHEG spin-0 samples (they already have NLO mass shape)
#ggGrav2PB_W0_M750,,-1,,,/Graviton2PBToZZTo4L_width0_M-750_13TeV-JHUgenV6-pythia8/RunIISpring16MiniAODv2-PUSpring16RAWAODSIM_reHLT_80X_mcRun2_asymptotic_v14-v1/MINIAODSIM,dbs,,1,REWEIGHTING_TYPE=HVV_spin012;SPIN=2;a1=1;b5=1;APPLY_K_NNLOQCD_ZZGG=1,,
#ggGrav2PB_W0_M800,,-1,,,/Graviton2PBToZZTo4L_width0_M-800_13TeV-JHUgenV6-pythia8/RunIISpring16MiniAODv2-PUSpring16RAWAODSIM_reHLT_80X_mcRun2_asymptotic_v14-v1/MINIAODSIM,dbs,,1,REWEIGHTING_TYPE=HVV_spin012;SPIN=2;a1=1;b5=1;APPLY_K_NNLOQCD_ZZGG=1,,
#ggGrav2PB_W0_M1200,,-1,,,/Graviton2PBToZZTo4L_width0_M-1200_13TeV-JHUgenV6-pythia8/RunIISpring16MiniAODv2-PUSpring16RAWAODSIM_reHLT_80X_mcRun2_asymptotic_v14-v1/MINIAODSIM,dbs,,1,REWEIGHTING_TYPE=HVV_spin012;SPIN=2;a1=1;b5=1;APPLY_K_NNLOQCD_ZZGG=1,,
#ggGrav2PB_W0_M2000,,-1,,,/Graviton2PBToZZTo4L_width0_M-2000_13TeV-JHUgenV6-pythia8/RunIISpring16MiniAODv2-PUSpring16RAWAODSIM_reHLT_80X_mcRun2_asymptotic_v14-v1/MINIAODSIM,dbs,,1,REWEIGHTING_TYPE=HVV_spin012;SPIN=2;a1=1;b5=1;APPLY_K_NNLOQCD_ZZGG=1,,
#ggGrav2PB_W0_M3000,,-1,,,/Graviton2PBToZZTo4L_width0_M-3000_13TeV-JHUgenV6-pythia8/RunIISpring16MiniAODv2-PUSpring16RAWAODSIM_reHLT_80X_mcRun2_asymptotic_v14-v1/MINIAODSIM,dbs,,1,REWEIGHTING_TYPE=HVV_spin012;SPIN=2;a1=1;b5=1;APPLY_K_NNLOQCD_ZZGG=1,,
#ggGrav2PB_W0_M4000,,-1,,,/Graviton2PBToZZTo4L_width0_M-4000_13TeV-JHUgenV6-pythia8/RunIISpring16MiniAODv2-PUSpring16RAWAODSIM_reHLT_80X_mcRun2_asymptotic_v14-v1/MINIAODSIM,dbs,,1,REWEIGHTING_TYPE=HVV_spin012;SPIN=2;a1=1;b5=1;APPLY_K_NNLOQCD_ZZGG=1,,

#ggGrav2PB_W0p1_M750,,-1,,,/Graviton2PBToZZTo4L_width0p1_M-750_13TeV-JHUgenV6-pythia8/RunIISpring16MiniAODv2-PUSpring16RAWAODSIM_reHLT_80X_mcRun2_asymptotic_v14-v1/MINIAODSIM,dbs,,1,REWEIGHTING_TYPE=HVV_spin012;SPIN=2;a1=1;b5=1;APPLY_K_NNLOQCD_ZZGG=1,,
#ggGrav2PB_W0p1_M800,,-1,,,/Graviton2PBToZZTo4L_width0p1_M-800_13TeV-JHUgenV6-pythia8/RunIISpring16MiniAODv2-PUSpring16RAWAODSIM_reHLT_80X_mcRun2_asymptotic_v14-v1/MINIAODSIM,dbs,,1,REWEIGHTING_TYPE=HVV_spin012;SPIN=2;a1=1;b5=1;APPLY_K_NNLOQCD_ZZGG=1,,
#ggGrav2PB_W0p1_M1200,,-1,,,/Graviton2PBToZZTo4L_width0p1_M-1200_13TeV-JHUgenV6-pythia8/RunIISpring16MiniAODv2-PUSpring16RAWAODSIM_reHLT_80X_mcRun2_asymptotic_v14-v1/MINIAODSIM,dbs,,1,REWEIGHTING_TYPE=HVV_spin012;SPIN=2;a1=1;b5=1;APPLY_K_NNLOQCD_ZZGG=1,,
#ggGrav2PB_W0p1_M2000,,-1,,,/Graviton2PBToZZTo4L_width0p1_M-2000_13TeV-JHUgenV6-pythia8/RunIISpring16MiniAODv2-PUSpring16RAWAODSIM_reHLT_80X_mcRun2_asymptotic_v14-v1/MINIAODSIM,dbs,,1,REWEIGHTING_TYPE=HVV_spin012;SPIN=2;a1=1;b5=1;APPLY_K_NNLOQCD_ZZGG=1,,
#ggGrav2PB_W0p1_M3000,,-1,,,/Graviton2PBToZZTo4L_width0p1_M-3000_13TeV-JHUgenV6-pythia8/RunIISpring16MiniAODv2-PUSpring16RAWAODSIM_reHLT_80X_mcRun2_asymptotic_v14-v1/MINIAODSIM,dbs,,1,REWEIGHTING_TYPE=HVV_spin012;SPIN=2;a1=1;b5=1;APPLY_K_NNLOQCD_ZZGG=1,,
#ggGrav2PB_W0p1_M4000,,-1,,,/Graviton2PBToZZTo4L_width0p1_M-4000_13TeV-JHUgenV6-pythia8/RunIISpring16MiniAODv2-PUSpring16RAWAODSIM_reHLT_80X_mcRun2_asymptotic_v14-v1/MINIAODSIM,dbs,,1,REWEIGHTING_TYPE=HVV_spin012;SPIN=2;a1=1;b5=1;APPLY_K_NNLOQCD_ZZGG=1,,

#ggGrav2PB_W0p2_M750,,-1,,,/Graviton2PBToZZTo4L_width0p2_M-750_13TeV-JHUgenV6-pythia8/RunIISpring16MiniAODv2-PUSpring16RAWAODSIM_reHLT_80X_mcRun2_asymptotic_v14-v1/MINIAODSIM,dbs,,1,REWEIGHTING_TYPE=HVV_spin012;SPIN=2;a1=1;b5=1;APPLY_K_NNLOQCD_ZZGG=1,,
#ggGrav2PB_W0p2_M800,,-1,,,/Graviton2PBToZZTo4L_width0p2_M-800_13TeV-JHUgenV6-pythia8/RunIISpring16MiniAODv2-PUSpring16RAWAODSIM_reHLT_80X_mcRun2_asymptotic_v14-v2/MINIAODSIM,dbs,,1,REWEIGHTING_TYPE=HVV_spin012;SPIN=2;a1=1;b5=1;APPLY_K_NNLOQCD_ZZGG=1,,
#ggGrav2PB_W0p2_M1200,,-1,,,/Graviton2PBToZZTo4L_width0p2_M-1200_13TeV-JHUgenV6-pythia8/RunIISpring16MiniAODv2-PUSpring16RAWAODSIM_reHLT_80X_mcRun2_asymptotic_v14-v1/MINIAODSIM,dbs,,1,REWEIGHTING_TYPE=HVV_spin012;SPIN=2;a1=1;b5=1;APPLY_K_NNLOQCD_ZZGG=1,,
#ggGrav2PB_W0p2_M2000,,-1,,,/Graviton2PBToZZTo4L_width0p2_M-2000_13TeV-JHUgenV6-pythia8/RunIISpring16MiniAODv2-PUSpring16RAWAODSIM_reHLT_80X_mcRun2_asymptotic_v14-v1/MINIAODSIM,dbs,,1,REWEIGHTING_TYPE=HVV_spin012;SPIN=2;a1=1;b5=1;APPLY_K_NNLOQCD_ZZGG=1,,
#ggGrav2PB_W0p2_M3000,,-1,,,/Graviton2PBToZZTo4L_width0p2_M-3000_13TeV-JHUgenV6-pythia8/RunIISpring16MiniAODv2-PUSpring16RAWAODSIM_reHLT_80X_mcRun2_asymptotic_v14-v1/MINIAODSIM,dbs,,1,REWEIGHTING_TYPE=HVV_spin012;SPIN=2;a1=1;b5=1;APPLY_K_NNLOQCD_ZZGG=1,,
#ggGrav2PB_W0p2_M4000,,-1,,,/Graviton2PBToZZTo4L_width0p2_M-4000_13TeV-JHUgenV6-pythia8/RunIISpring16MiniAODv2-PUSpring16RAWAODSIM_reHLT_80X_mcRun2_asymptotic_v14-v1/MINIAODSIM,dbs,,1,REWEIGHTING_TYPE=HVV_spin012;SPIN=2;a1=1;b5=1;APPLY_K_NNLOQCD_ZZGG=1,,

#ggGrav2PB_W0p3_M750,,-1,,,/Graviton2PBToZZTo4L_width0p3_M-750_13TeV-JHUgenV6-pythia8/RunIISpring16MiniAODv2-PUSpring16RAWAODSIM_reHLT_80X_mcRun2_asymptotic_v14-v1/MINIAODSIM,dbs,,1,REWEIGHTING_TYPE=HVV_spin012;SPIN=2;a1=1;b5=1;APPLY_K_NNLOQCD_ZZGG=1,,
#ggGrav2PB_W0p3_M800,,-1,,,/Graviton2PBToZZTo4L_width0p3_M-800_13TeV-JHUgenV6-pythia8/RunIISpring16MiniAODv2-PUSpring16RAWAODSIM_reHLT_80X_mcRun2_asymptotic_v14-v1/MINIAODSIM,dbs,,1,REWEIGHTING_TYPE=HVV_spin012;SPIN=2;a1=1;b5=1;APPLY_K_NNLOQCD_ZZGG=1,,
#ggGrav2PB_W0p3_M1200,,-1,,,/Graviton2PBToZZTo4L_width0p3_M-1200_13TeV-JHUgenV6-pythia8/RunIISpring16MiniAODv2-PUSpring16RAWAODSIM_reHLT_80X_mcRun2_asymptotic_v14-v1/MINIAODSIM,dbs,,1,REWEIGHTING_TYPE=HVV_spin012;SPIN=2;a1=1;b5=1;APPLY_K_NNLOQCD_ZZGG=1,,
#ggGrav2PB_W0p3_M2000,,-1,,,/Graviton2PBToZZTo4L_width0p3_M-2000_13TeV-JHUgenV6-pythia8/RunIISpring16MiniAODv2-PUSpring16RAWAODSIM_reHLT_80X_mcRun2_asymptotic_v14-v1/MINIAODSIM,dbs,,1,REWEIGHTING_TYPE=HVV_spin012;SPIN=2;a1=1;b5=1;APPLY_K_NNLOQCD_ZZGG=1,,
#ggGrav2PB_W0p3_M3000,,-1,,,/Graviton2PBToZZTo4L_width0p3_M-3000_13TeV-JHUgenV6-pythia8/RunIISpring16MiniAODv2-PUSpring16RAWAODSIM_reHLT_80X_mcRun2_asymptotic_v14-v1/MINIAODSIM,dbs,,1,REWEIGHTING_TYPE=HVV_spin012;SPIN=2;a1=1;b5=1;APPLY_K_NNLOQCD_ZZGG=1,,
#ggGrav2PB_W0p3_M4000,,-1,,,/Graviton2PBToZZTo4L_width0p3_M-4000_13TeV-JHUgenV6-pythia8/RunIISpring16MiniAODv2-PUSpring16RAWAODSIM_reHLT_80X_mcRun2_asymptotic_v14-v1/MINIAODSIM,dbs,,1,REWEIGHTING_TYPE=HVV_spin012;SPIN=2;a1=1;b5=1;APPLY_K_NNLOQCD_ZZGG=1,,

#ggH115, ,48.69,9.22E-05,,/GluGluHToZZTo4L_M115_13TeV_powheg2_JHUgenV6_pythia8/RunIISpring16MiniAODv2-PUSpring16RAWAODSIM_reHLT_80X_mcRun2_asymptotic_v14-v1/MINIAODSIM,dbs,,2,REWEIGHTING_TYPE=HVV_spin012;ghz1=1;APPLY_K_NNLOQCD_ZZGG=2,,
#ggH120, ,52.22,1.67E-04,,/GluGluHToZZTo4L_M120_13TeV_powheg2_JHUgenV6_pythia8/RunIISpring16MiniAODv2-PUSpring16RAWAODSIM_reHLT_80X_mcRun2_asymptotic_v14-v1/MINIAODSIM,dbs,,2,REWEIGHTING_TYPE=HVV_spin012;ghz1=1;APPLY_K_NNLOQCD_ZZGG=2,,
#ggH124, ,49.27,2.52E-04,,/GluGluHToZZTo4L_M124_13TeV_powheg2_JHUgenV6_pythia8/RunIISpring16MiniAODv2-PUSpring16RAWAODSIM_reHLT_80X_mcRun2_asymptotic_v14-v1/MINIAODSIM,dbs,,2,REWEIGHTING_TYPE=HVV_spin012;ghz1=1;APPLY_K_NNLOQCD_ZZGG=2,,
#ggH125, ,48.58,2.76E-04,,/GluGluHToZZTo4L_M125_13TeV_powheg2_JHUgenV6_pythia8/RunIISpring16MiniAODv2-PUSpring16RAWAODSIM_reHLT_80X_mcRun2_asymptotic_v14-v1/MINIAODSIM,dbs,,2,REWEIGHTING_TYPE=HVV_spin012;ghz1=1;APPLY_K_NNLOQCD_ZZGG=2;PRODANOMALOUS=True,,
#ggH126, ,47.89,3.02E-04,,/GluGluHToZZTo4L_M126_13TeV_powheg2_JHUgenV6_pythia8/RunIISpring16MiniAODv2-PUSpring16RAWAODSIM_reHLT_80X_mcRun2_asymptotic_v14-v1/MINIAODSIM,dbs,,2,REWEIGHTING_TYPE=HVV_spin012;ghz1=1;APPLY_K_NNLOQCD_ZZGG=2,,
#ggH130, ,45.31,4.14E-04,,/GluGluHToZZTo4L_M130_13TeV_powheg2_JHUgenV6_pythia8/RunIISpring16MiniAODv2-PUSpring16RAWAODSIM_reHLT_80X_mcRun2_asymptotic_v14-v1/MINIAODSIM,dbs,,2,REWEIGHTING_TYPE=HVV_spin012;ghz1=1;APPLY_K_NNLOQCD_ZZGG=2,,
#ggH135, ,41.23,4.14E-04,,/GluGluHToZZTo4L_M135_13TeV_powheg2_JHUgenV6_pythia8/RunIISpring16MiniAODv2-PUSpring16RAWAODSIM_reHLT_80X_mcRun2_asymptotic_v14-v1/MINIAODSIM,dbs,,2,REWEIGHTING_TYPE=HVV_spin012;ghz1=1;APPLY_K_NNLOQCD_ZZGG=2,,
#ggH140, ,34.28,7.11E-04,,/GluGluHToZZTo4L_M140_13TeV_powheg2_JHUgenV6_pythia8/RunIISpring16MiniAODv2-PUSpring16RAWAODSIM_reHLT_80X_mcRun2_asymptotic_v14-v1/MINIAODSIM,dbs,,2,REWEIGHTING_TYPE=HVV_spin012;ghz1=1;APPLY_K_NNLOQCD_ZZGG=2,,
#ggH145, ,32.19,8.17E-04,,/GluGluHToZZTo4L_M145_13TeV_powheg2_JHUgenV6_pythia8/RunIISpring16MiniAODv2-PUSpring16RAWAODSIM_reHLT_80X_mcRun2_asymptotic_v14-v1/MINIAODSIM,dbs,,2,REWEIGHTING_TYPE=HVV_spin012;ghz1=1;APPLY_K_NNLOQCD_ZZGG=2,,
#ggH150, ,30.29,8.50E-04,,/GluGluHToZZTo4L_M150_13TeV_powheg2_JHUgenV6_pythia8/RunIISpring16MiniAODv2-PUSpring16RAWAODSIM_reHLT_80X_mcRun2_asymptotic_v14-v1/MINIAODSIM,dbs,,2,REWEIGHTING_TYPE=HVV_spin012;ghz1=1;APPLY_K_NNLOQCD_ZZGG=2,,
#ggH155, ,28.2,7.59E-04, ,/GluGluHToZZTo4L_M155_13TeV_powheg2_JHUgenV6_pythia8/RunIISpring16MiniAODv2-PUSpring16RAWAODSIM_reHLT_80X_mcRun2_asymptotic_v14-v1/MINIAODSIM,dbs,,2,REWEIGHTING_TYPE=HVV_spin012;ghz1=1;APPLY_K_NNLOQCD_ZZGG=2,,
#ggH160, ,26.97,4.25E-04,,/GluGluHToZZTo4L_M160_13TeV_powheg2_JHUgenV6_pythia8/RunIISpring16MiniAODv2-PUSpring16RAWAODSIM_reHLT_80X_mcRun2_asymptotic_v14-v1/MINIAODSIM,dbs,,2,REWEIGHTING_TYPE=HVV_spin012;ghz1=1;APPLY_K_NNLOQCD_ZZGG=2,,
#ggH165, ,25.2,2.27E-04, ,/GluGluHToZZTo4L_M165_13TeV_powheg2_JHUgenV6_pythia8/RunIISpring16MiniAODv2-PUSpring16RAWAODSIM_reHLT_80X_mcRun2_asymptotic_v14-v1/MINIAODSIM,dbs,,2,REWEIGHTING_TYPE=HVV_spin012;ghz1=1;APPLY_K_NNLOQCD_ZZGG=2,,#cross-section value is a guess from nearby mH points
#ggH170, ,24.19,2.41E-04,,/GluGluHToZZTo4L_M170_13TeV_powheg2_JHUgenV6_pythia8/RunIISpring16MiniAODv2-PUSpring16RAWAODSIM_reHLT_80X_mcRun2_asymptotic_v14-v1/MINIAODSIM,dbs,,2,REWEIGHTING_TYPE=HVV_spin012;ghz1=1;APPLY_K_NNLOQCD_ZZGG=2,,
#ggH175, ,22.7,3.30E-04, ,/GluGluHToZZTo4L_M175_13TeV_powheg2_JHUgenV6_pythia8/RunIISpring16MiniAODv2-PUSpring16RAWAODSIM_reHLT_80X_mcRun2_asymptotic_v14-v1/MINIAODSIM,dbs,,2,REWEIGHTING_TYPE=HVV_spin012;ghz1=1;APPLY_K_NNLOQCD_ZZGG=2;ADDLOOSEELE=True,,
#ggH180, ,21.84,6.12E-04,,/GluGluHToZZTo4L_M180_13TeV_powheg2_JHUgenV6_pythia8/RunIISpring16MiniAODv2-PUSpring16RAWAODSIM_reHLT_80X_mcRun2_asymptotic_v14-v1/MINIAODSIM,dbs,,2,REWEIGHTING_TYPE=HVV_spin012;ghz1=1;APPLY_K_NNLOQCD_ZZGG=2;ADDLOOSEELE=True,,
#ggH190, ,19.84,2.12E-03,,/GluGluHToZZTo4L_M190_13TeV_powheg2_JHUgenV6_pythia8/RunIISpring16MiniAODv2-PUSpring16RAWAODSIM_reHLT_80X_mcRun2_asymptotic_v14-v1/MINIAODSIM,dbs,,2,REWEIGHTING_TYPE=HVV_spin012;ghz1=1;APPLY_K_NNLOQCD_ZZGG=2;ADDLOOSEELE=True,,
#ggH200, ,18.12,2.59E-03,,/GluGluHToZZTo4L_M200_13TeV_powheg2_JHUgenV6_pythia8/RunIISpring16MiniAODv2-PUSpring16RAWAODSIM_reHLT_80X_mcRun2_asymptotic_v14-v1/MINIAODSIM,dbs,,2,REWEIGHTING_TYPE=HVV_spin012;ghz1=1;APPLY_K_NNLOQCD_ZZGG=2;ADDLOOSEELE=True,,
#ggH210, ,16.65,2.78E-03,,/GluGluHToZZTo4L_M210_13TeV_powheg2_JHUgenV6_pythia8/RunIISpring16MiniAODv2-PUSpring16RAWAODSIM_reHLT_80X_mcRun2_asymptotic_v14-v1/MINIAODSIM,dbs,,2,REWEIGHTING_TYPE=HVV_spin012;ghz1=1;APPLY_K_NNLOQCD_ZZGG=2;ADDLOOSEELE=True,,
#ggH230, ,14.26,2.93E-03,,/GluGluHToZZTo4L_M230_13TeV_powheg2_JHUgenV6_pythia8/RunIISpring16MiniAODv2-PUSpring16RAWAODSIM_reHLT_80X_mcRun2_asymptotic_v14-v1/MINIAODSIM,dbs,,2,REWEIGHTING_TYPE=HVV_spin012;ghz1=1;APPLY_K_NNLOQCD_ZZGG=2;ADDLOOSEELE=True,,
#ggH250, ,12.48,3.01E-03,,/GluGluHToZZTo4L_M250_13TeV_powheg2_JHUgenV6_pythia8/RunIISpring16MiniAODv2-PUSpring16RAWAODSIM_reHLT_80X_mcRun2_asymptotic_v14-v1/MINIAODSIM,dbs,,2,REWEIGHTING_TYPE=HVV_spin012;ghz1=1;APPLY_K_NNLOQCD_ZZGG=2;ADDLOOSEELE=True,,
#ggH270, ,11.14,3.05E-03,,/GluGluHToZZTo4L_M270_13TeV_powheg2_JHUgenV6_pythia8/RunIISpring16MiniAODv2-PUSpring16RAWAODSIM_reHLT_80X_mcRun2_asymptotic_v14-v1/MINIAODSIM,dbs,,2,REWEIGHTING_TYPE=HVV_spin012;ghz1=1;APPLY_K_NNLOQCD_ZZGG=2;ADDLOOSEELE=True,,

#ggH300, ,9.823,3.11E-03, ,/GluGluHToZZTo4L_M300_13TeV_powheg2_JHUgenV698_pythia8/RunIISpring16MiniAODv2-PUSpring16RAWAODSIM_reHLT_80X_mcRun2_asymptotic_v14-v1/MINIAODSIM,dbs,,2,REWEIGHTING_TYPE=HVV_spin012;ghz1=1;APPLY_K_NNLOQCD_ZZGG=2;ADDLOOSEELE=True,,
#ggH350, ,10.25,3.11E-03, ,/GluGluHToZZTo4L_M350_13TeV_powheg2_JHUgenV698_pythia8/RunIISpring16MiniAODv2-PUSpring16RAWAODSIM_reHLT_80X_mcRun2_asymptotic_v14-v1/MINIAODSIM,dbs,,2,REWEIGHTING_TYPE=HVV_spin012;ghz1=1;APPLY_K_NNLOQCD_ZZGG=2;ADDLOOSEELE=True,,
#ggH400, ,9.516,2.73E-03, ,/GluGluHToZZTo4L_M400_13TeV_powheg2_JHUgenV698_pythia8/RunIISpring16MiniAODv2-PUSpring16RAWAODSIM_reHLT_80X_mcRun2_asymptotic_v14-v1/MINIAODSIM,dbs,,1,REWEIGHTING_TYPE=HVV_spin012;ghz1=1;APPLY_K_NNLOQCD_ZZGG=2;ADDLOOSEELE=True,,
#ggH450, ,6.771,2.63E-03, ,/GluGluHToZZTo4L_M450_13TeV_powheg2_JHUgenV698_pythia8/RunIISpring16MiniAODv2-PUSpring16RAWAODSIM_reHLT_80X_mcRun2_asymptotic_v14-v1/MINIAODSIM,dbs,,1,REWEIGHTING_TYPE=HVV_spin012;ghz1=1;APPLY_K_NNLOQCD_ZZGG=2;ADDLOOSEELE=True,,
#ggH500, ,4.538,2.65E-03, ,/GluGluHToZZTo4L_M500_13TeV_powheg2_JHUgenV698_pythia8/RunIISpring16MiniAODv2-PUSpring16RAWAODSIM_reHLT_80X_mcRun2_asymptotic_v14-v2/MINIAODSIM,dbs,,1,REWEIGHTING_TYPE=HVV_spin012;ghz1=1;APPLY_K_NNLOQCD_ZZGG=2;ADDLOOSEELE=True,,
#ggH550, ,3.008,2.70E-03, ,/GluGluHToZZTo4L_M550_13TeV_powheg2_JHUgenV698_pythia8/RunIISpring16MiniAODv2-PUSpring16RAWAODSIM_reHLT_80X_mcRun2_asymptotic_v14-v1/MINIAODSIM,dbs,,1,REWEIGHTING_TYPE=HVV_spin012;ghz1=1;APPLY_K_NNLOQCD_ZZGG=2;ADDLOOSEELE=True,,
#ggH600, ,2.006,2.77E-03, ,/GluGluHToZZTo4L_M600_13TeV_powheg2_JHUgenV698_pythia8/RunIISpring16MiniAODv2-PUSpring16RAWAODSIM_reHLT_80X_mcRun2_asymptotic_v14-v1/MINIAODSIM,dbs,,1,REWEIGHTING_TYPE=HVV_spin012;ghz1=1;APPLY_K_NNLOQCD_ZZGG=2;ADDLOOSEELE=True,,
#ggH700, ,0.9235,2.90E-03,,/GluGluHToZZTo4L_M700_13TeV_powheg2_JHUgenV698_pythia8/RunIISpring16MiniAODv2-PUSpring16RAWAODSIM_reHLT_80X_mcRun2_asymptotic_v14-v1/MINIAODSIM,dbs,,1,REWEIGHTING_TYPE=HVV_spin012;ghz1=1;APPLY_K_NNLOQCD_ZZGG=2;ADDLOOSEELE=True,,
#ggH750, ,0.6398,2.95E-03,,/GluGluHToZZTo4L_M750_13TeV_powheg2_JHUgenV698_pythia8/RunIISpring16MiniAODv2-PUSpring16RAWAODSIM_reHLT_80X_mcRun2_asymptotic_v14-v1/MINIAODSIM,dbs,,1,REWEIGHTING_TYPE=HVV_spin012;ghz1=1;APPLY_K_NNLOQCD_ZZGG=2;ADDLOOSEELE=True,,
#ggH800, ,0.4491,3.01E-03,,/GluGluHToZZTo4L_M800_13TeV_powheg2_JHUgenV698_pythia8/RunIISpring16MiniAODv2-PUSpring16RAWAODSIM_reHLT_80X_mcRun2_asymptotic_v14-v1/MINIAODSIM,dbs,,1,REWEIGHTING_TYPE=HVV_spin012;ghz1=1;APPLY_K_NNLOQCD_ZZGG=2;ADDLOOSEELE=True,,
#ggH900, ,0.2301,3.10E-03,,/GluGluHToZZTo4L_M900_13TeV_powheg2_JHUgenV698_pythia8/RunIISpring16MiniAODv2-PUSpring16RAWAODSIM_reHLT_80X_mcRun2_asymptotic_v14-v1/MINIAODSIM,dbs,,1,REWEIGHTING_TYPE=HVV_spin012;ghz1=1;APPLY_K_NNLOQCD_ZZGG=2;ADDLOOSEELE=True,,
#ggH1000,,0.1233,3.18E-03,,/GluGluHToZZTo4L_M1000_13TeV_powheg2_JHUgenV698_pythia8/RunIISpring16MiniAODv2-PUSpring16RAWAODSIM_reHLT_80X_mcRun2_asymptotic_v14-v1/MINIAODSIM,dbs,,1,REWEIGHTING_TYPE=HVV_spin012;ghz1=1;APPLY_K_NNLOQCD_ZZGG=2;ADDLOOSEELE=True,,
#ggH1500,,0.008913,0,     ,/GluGluHToZZTo4L_M1500_13TeV_powheg2_JHUgenV698_pythia8/RunIISpring16MiniAODv2-PUSpring16RAWAODSIM_reHLT_80X_mcRun2_asymptotic_v14-v1/MINIAODSIM,dbs,,1,REWEIGHTING_TYPE=HVV_spin012;ghz1=1;APPLY_K_NNLOQCD_ZZGG=2;ADDLOOSEELE=True,, #FIXME: BR=0 means xsection=0 in the trees.
#ggH2000,,0.001084,0.,    ,/GluGluHToZZTo4L_M2000_13TeV_powheg2_JHUgenV698_pythia8/RunIISpring16MiniAODv2-PUSpring16RAWAODSIM_reHLT_80X_mcRun2_asymptotic_v14-v1/MINIAODSIM,dbs,,1,REWEIGHTING_TYPE=HVV_spin012;ghz1=1;APPLY_K_NNLOQCD_ZZGG=2;ADDLOOSEELE=True,,
#ggH2500,,0.0001778,0,    ,/GluGluHToZZTo4L_M2500_13TeV_powheg2_JHUgenV698_pythia8/RunIISpring16MiniAODv2-PUSpring16RAWAODSIM_reHLT_80X_mcRun2_asymptotic_v14-v1/MINIAODSIM,dbs,,1,REWEIGHTING_TYPE=HVV_spin012;ghz1=1;APPLY_K_NNLOQCD_ZZGG=2;ADDLOOSEELE=True,,
#ggH3000,,0.00003502,0,   ,/GluGluHToZZTo4L_M3000_13TeV_powheg2_JHUgenV698_pythia8/RunIISpring16MiniAODv2-PUSpring16RAWAODSIM_reHLT_80X_mcRun2_asymptotic_v14-v1/MINIAODSIM,dbs,,1,REWEIGHTING_TYPE=HVV_spin012;ghz1=1;APPLY_K_NNLOQCD_ZZGG=2;ADDLOOSEELE=True,,

#VBFH115, ,4.255,9.22E-05,,/VBF_HToZZTo4L_M115_13TeV_powheg2_JHUgenV6_pythia8/RunIISpring16MiniAODv2-PUSpring16RAWAODSIM_reHLT_80X_mcRun2_asymptotic_v14-v1/MINIAODSIM,dbs,,1,ADDLHEKINEMATICS=True;VVMODE=1;VVDECAYMODE=0,,
#VBFH120, ,3.935,1.67E-04,,/VBF_HToZZTo4L_M120_13TeV_powheg2_JHUgenV6_pythia8/RunIISpring16MiniAODv2-PUSpring16RAWAODSIM_reHLT_80X_mcRun2_asymptotic_v14-v1/MINIAODSIM,dbs,,1,ADDLHEKINEMATICS=True;VVMODE=1;VVDECAYMODE=0,,
#VBFH124, ,3.812,2.52E-04,,/VBF_HToZZTo4L_M124_13TeV_powheg2_JHUgenV6_pythia8/RunIISpring16MiniAODv2-PUSpring16RAWAODSIM_reHLT_80X_mcRun2_asymptotic_v14-v1/MINIAODSIM,dbs,,1,ADDLHEKINEMATICS=True;VVMODE=1;VVDECAYMODE=0,,
#VBFH125, ,3.782,2.76E-04,,/VBF_HToZZTo4L_M125_13TeV_powheg2_JHUgenV6_pythia8/RunIISpring16MiniAODv2-PUSpring16RAWAODSIM_reHLT_80X_mcRun2_asymptotic_v14-v1/MINIAODSIM,dbs,,1,ADDLHEKINEMATICS=True;VVMODE=1;VVDECAYMODE=0,,
#VBFH126, ,3.752,3.02E-04,,/VBF_HToZZTo4L_M126_13TeV_powheg2_JHUgenV6_pythia8/RunIISpring16MiniAODv2-PUSpring16RAWAODSIM_reHLT_80X_mcRun2_asymptotic_v14-v1/MINIAODSIM,dbs,,1,ADDLHEKINEMATICS=True;VVMODE=1;VVDECAYMODE=0,,
#VBFH130, ,3.637,4.14E-04,,/VBF_HToZZTo4L_M130_13TeV_powheg2_JHUgenV6_pythia8/RunIISpring16MiniAODv2-PUSpring16RAWAODSIM_reHLT_80X_mcRun2_asymptotic_v14-v1/MINIAODSIM,dbs,,1,ADDLHEKINEMATICS=True;VVMODE=1;VVDECAYMODE=0,,
#VBFH135, ,3.629,5.67E-04,,/VBF_HToZZTo4L_M135_13TeV_powheg2_JHUgenV6_pythia8/RunIISpring16MiniAODv2-PUSpring16RAWAODSIM_reHLT_80X_mcRun2_asymptotic_v14-v1/MINIAODSIM,dbs,,1,ADDLHEKINEMATICS=True;VVMODE=1;VVDECAYMODE=0,,
#VBFH140, ,3.492,7.11E-04,,/VBF_HToZZTo4L_M140_13TeV_powheg2_JHUgenV6_pythia8/RunIISpring16MiniAODv2-PUSpring16RAWAODSIM_reHLT_80X_mcRun2_asymptotic_v14-v1/MINIAODSIM,dbs,,1,ADDLHEKINEMATICS=True;VVMODE=1;VVDECAYMODE=0,,
#VBFH145, ,3.362,8.17E-04,,/VBF_HToZZTo4L_M145_13TeV_powheg2_JHUgenV6_pythia8/RunIISpring16MiniAODv2-PUSpring16RAWAODSIM_reHLT_80X_mcRun2_asymptotic_v14-v1/MINIAODSIM,dbs,,1,ADDLHEKINEMATICS=True;VVMODE=1;VVDECAYMODE=0,,
#VBFH155, ,3.095,7.59E-04,,/VBF_HToZZTo4L_M155_13TeV_powheg2_JHUgenV6_pythia8/RunIISpring16MiniAODv2-PUSpring16RAWAODSIM_reHLT_80X_mcRun2_asymptotic_v14-v1/MINIAODSIM,dbs,,1,ADDLHEKINEMATICS=True;VVMODE=1;VVDECAYMODE=0,,
#VBFH160, ,3.01,4.25E-04, ,/VBF_HToZZTo4L_M160_13TeV_powheg2_JHUgenV6_pythia8/RunIISpring16MiniAODv2-PUSpring16RAWAODSIM_reHLT_80X_mcRun2_asymptotic_v14-v1/MINIAODSIM,dbs,,1,ADDLHEKINEMATICS=True;VVMODE=1;VVDECAYMODE=0,,
#VBFH165, ,2.9,2.27E-04,  ,/VBF_HToZZTo4L_M165_13TeV_powheg2_JHUgenV6_pythia8/RunIISpring16MiniAODv2-PUSpring16RAWAODSIM_reHLT_80X_mcRun2_asymptotic_v14-v1/MINIAODSIM,dbs,,1,ADDLHEKINEMATICS=True;VVMODE=1;VVDECAYMODE=0,,
#VBFH170, ,2.802,2.41E-04,,/VBF_HToZZTo4L_M170_13TeV_powheg2_JHUgenV6_pythia8/RunIISpring16MiniAODv2-PUSpring16RAWAODSIM_reHLT_80X_mcRun2_asymptotic_v14-v2/MINIAODSIM,dbs,,1,ADDLHEKINEMATICS=True;VVMODE=1;VVDECAYMODE=0;ADDLOOSEELE=True,,
#VBFH175, ,2.7,3.30E-04,  ,/VBF_HToZZTo4L_M175_13TeV_powheg2_JHUgenV6_pythia8/RunIISpring16MiniAODv2-PUSpring16RAWAODSIM_reHLT_80X_mcRun2_asymptotic_v14-v1/MINIAODSIM,dbs,,1,ADDLHEKINEMATICS=True;VVMODE=1;VVDECAYMODE=0;ADDLOOSEELE=True,,
#VBFH180, ,2.612,6.12E-04,,/VBF_HToZZTo4L_M180_13TeV_powheg2_JHUgenV6_pythia8/RunIISpring16MiniAODv2-PUSpring16RAWAODSIM_reHLT_80X_mcRun2_asymptotic_v14-v1/MINIAODSIM,dbs,,1,ADDLHEKINEMATICS=True;VVMODE=1;VVDECAYMODE=0;ADDLOOSEELE=True,,
#VBFH190, ,2.44,2.12E-03, ,/VBF_HToZZTo4L_M190_13TeV_powheg2_JHUgenV6_pythia8/RunIISpring16MiniAODv2-PUSpring16RAWAODSIM_reHLT_80X_mcRun2_asymptotic_v14-v1/MINIAODSIM,dbs,,1,ADDLHEKINEMATICS=True;VVMODE=1;VVDECAYMODE=0;ADDLOOSEELE=True,,
#VBFH200, ,2.282,2.59E-03,,/VBF_HToZZTo4L_M200_13TeV_powheg2_JHUgenV6_pythia8/RunIISpring16MiniAODv2-PUSpring16RAWAODSIM_reHLT_80X_mcRun2_asymptotic_v14-v2/MINIAODSIM,dbs,,1,ADDLHEKINEMATICS=True;VVMODE=1;VVDECAYMODE=0;ADDLOOSEELE=True,,
#VBFH210, ,2.138,2.78E-03,,/VBF_HToZZTo4L_M210_13TeV_powheg2_JHUgenV6_pythia8/RunIISpring16MiniAODv2-PUSpring16RAWAODSIM_reHLT_80X_mcRun2_asymptotic_v14-v1/MINIAODSIM,dbs,,1,ADDLHEKINEMATICS=True;VVMODE=1;VVDECAYMODE=0;ADDLOOSEELE=True,,
#VBFH230, ,1.884,2.93E-03,,/VBF_HToZZTo4L_M230_13TeV_powheg2_JHUgenV6_pythia8/RunIISpring16MiniAODv2-PUSpring16RAWAODSIM_reHLT_80X_mcRun2_asymptotic_v14-v2/MINIAODSIM,dbs,,1,ADDLHEKINEMATICS=True;VVMODE=1;VVDECAYMODE=0;ADDLOOSEELE=True,,
#VBFH250, ,1.669,3.01E-03,,/VBF_HToZZTo4L_M250_13TeV_powheg2_JHUgenV6_pythia8/RunIISpring16MiniAODv2-PUSpring16RAWAODSIM_reHLT_80X_mcRun2_asymptotic_v14-v1/MINIAODSIM,dbs,,1,ADDLHEKINEMATICS=True;VVMODE=1;VVDECAYMODE=0;ADDLOOSEELE=True,,
#VBFH270, ,1.485,3.05E-03,,/VBF_HToZZTo4L_M270_13TeV_powheg2_JHUgenV6_pythia8/RunIISpring16MiniAODv2-PUSpring16RAWAODSIM_reHLT_80X_mcRun2_asymptotic_v14-v1/MINIAODSIM,dbs,,1,ADDLHEKINEMATICS=True;VVMODE=1;VVDECAYMODE=0;ADDLOOSEELE=True,,

#VBFH300, ,1.256,3.11E-03, ,/VBF_HToZZTo4L_M300_13TeV_powheg2_JHUgenV698_pythia8/RunIISpring16MiniAODv2-PUSpring16RAWAODSIM_reHLT_80X_mcRun2_asymptotic_v14-v1/MINIAODSIM,dbs,,1,ADDLHEKINEMATICS=True;VVMODE=1;VVDECAYMODE=0;ADDLOOSEELE=True,,
#VBFH350, ,0.9666,3.11E-03,,/VBF_HToZZTo4L_M350_13TeV_powheg2_JHUgenV698_pythia8/RunIISpring16MiniAODv2-PUSpring16RAWAODSIM_reHLT_80X_mcRun2_asymptotic_v14-v1/MINIAODSIM,dbs,,1,ADDLHEKINEMATICS=True;VVMODE=1;VVDECAYMODE=0;ADDLOOSEELE=True,,
#VBFH400, ,0.758,2.73E-03, ,/VBF_HToZZTo4L_M400_13TeV_powheg2_JHUgenV698_pythia8/RunIISpring16MiniAODv2-PUSpring16RAWAODSIM_reHLT_80X_mcRun2_asymptotic_v14-v1/MINIAODSIM,dbs,,1,ADDLHEKINEMATICS=True;VVMODE=1;VVDECAYMODE=0;ADDLOOSEELE=True,,
#VBFH450, ,0.6038,2.63E-03,,/VBF_HToZZTo4L_M450_13TeV_powheg2_JHUgenV698_pythia8/RunIISpring16MiniAODv2-PUSpring16RAWAODSIM_reHLT_80X_mcRun2_asymptotic_v14-v1/MINIAODSIM,dbs,,1,ADDLHEKINEMATICS=True;VVMODE=1;VVDECAYMODE=0;ADDLOOSEELE=True,,
#VBFH500, ,0.4872,2.65E-03,,/VBF_HToZZTo4L_M500_13TeV_powheg2_JHUgenV698_pythia8/RunIISpring16MiniAODv2-PUSpring16RAWAODSIM_reHLT_80X_mcRun2_asymptotic_v14-v1/MINIAODSIM,dbs,,1,ADDLHEKINEMATICS=True;VVMODE=1;VVDECAYMODE=0;ADDLOOSEELE=True,,
#VBFH550, ,0.3975,2.70E-03,,/VBF_HToZZTo4L_M550_13TeV_powheg2_JHUgenV698_pythia8/RunIISpring16MiniAODv2-PUSpring16RAWAODSIM_reHLT_80X_mcRun2_asymptotic_v14-v1/MINIAODSIM,dbs,,1,ADDLHEKINEMATICS=True;VVMODE=1;VVDECAYMODE=0;ADDLOOSEELE=True,,
#VBFH600, ,0.3274,2.77E-03,,/VBF_HToZZTo4L_M600_13TeV_powheg2_JHUgenV698_pythia8/RunIISpring16MiniAODv2-PUSpring16RAWAODSIM_reHLT_80X_mcRun2_asymptotic_v14-v1/MINIAODSIM,dbs,,1,ADDLHEKINEMATICS=True;VVMODE=1;VVDECAYMODE=0;ADDLOOSEELE=True,,
#VBFH700, ,0.2275,2.90E-03,,/VBF_HToZZTo4L_M700_13TeV_powheg2_JHUgenV698_pythia8/RunIISpring16MiniAODv2-PUSpring16RAWAODSIM_reHLT_80X_mcRun2_asymptotic_v14-v2/MINIAODSIM,dbs,,1,ADDLHEKINEMATICS=True;VVMODE=1;VVDECAYMODE=0;ADDLOOSEELE=True,,
#VBFH750, ,0.1915,2.95E-03,,/VBF_HToZZTo4L_M750_13TeV_powheg2_JHUgenV698_pythia8/RunIISpring16MiniAODv2-PUSpring16RAWAODSIM_reHLT_80X_mcRun2_asymptotic_v14-v1/MINIAODSIM,dbs,,1,ADDLHEKINEMATICS=True;VVMODE=1;VVDECAYMODE=0;ADDLOOSEELE=True,,
#VBFH800, ,0.1622,3.01E-03,,/VBF_HToZZTo4L_M800_13TeV_powheg2_JHUgenV698_pythia8/RunIISpring16MiniAODv2-PUSpring16RAWAODSIM_reHLT_80X_mcRun2_asymptotic_v14-v1/MINIAODSIM,dbs,,1,ADDLHEKINEMATICS=True;VVMODE=1;VVDECAYMODE=0;ADDLOOSEELE=True,,
#VBFH900, ,0.118,3.10E-03, ,/VBF_HToZZTo4L_M900_13TeV_powheg2_JHUgenV698_pythia8/RunIISpring16MiniAODv2-PUSpring16RAWAODSIM_reHLT_80X_mcRun2_asymptotic_v14-v1/MINIAODSIM,dbs,,1,ADDLHEKINEMATICS=True;VVMODE=1;VVDECAYMODE=0;ADDLOOSEELE=True,,
#VBFH1000,,0.08732,3.18E-03,,/VBF_HToZZTo4L_M1000_13TeV_powheg2_JHUgenV698_pythia8/RunIISpring16MiniAODv2-PUSpring16RAWAODSIM_reHLT_80X_mcRun2_asymptotic_v14-v1/MINIAODSIM,dbs,,1,ADDLHEKINEMATICS=True;VVMODE=1;VVDECAYMODE=0;ADDLOOSEELE=True,, # FIXME: xsection=-1 will be propagated in the trees.
#VBFH2000,,-1,,             ,/VBF_HToZZTo4L_M2000_13TeV_powheg2_JHUgenV698_pythia8/RunIISpring16MiniAODv2-PUSpring16RAWAODSIM_reHLT_80X_mcRun2_asymptotic_v14-v1/MINIAODSIM,dbs,,1,ADDLHEKINEMATICS=True;VVMODE=1;VVDECAYMODE=0;ADDLOOSEELE=True,,
#VBFH2500,,-1,,             ,/VBF_HToZZTo4L_M2500_13TeV_powheg2_JHUgenV698_pythia8/RunIISpring16MiniAODv2-PUSpring16RAWAODSIM_reHLT_80X_mcRun2_asymptotic_v14-v1/MINIAODSIM,dbs,,1,ADDLHEKINEMATICS=True;VVMODE=1;VVDECAYMODE=0;ADDLOOSEELE=True,,
#VBFH3000,,-1,,             ,/VBF_HToZZTo4L_M3000_13TeV_powheg2_JHUgenV698_pythia8/RunIISpring16MiniAODv2-PUSpring16RAWAODSIM_reHLT_80X_mcRun2_asymptotic_v14-v1/MINIAODSIM,dbs,,1,ADDLHEKINEMATICS=True;VVMODE=1;VVDECAYMODE=0;ADDLOOSEELE=True,,

#WplusH115, ,1.169,9.22E-05,            ,/WplusH_HToZZTo4L_M115_13TeV_powheg2-minlo-HWJ_JHUgenV6_pythia8/RunIISpring16MiniAODv2-PUSpring16RAWAODSIM_reHLT_80X_mcRun2_asymptotic_v14-v1/MINIAODSIM,dbs,,1,ADDLHEKINEMATICS=True;VVMODE=1;VVDECAYMODE=0,,
#WplusH120, ,0.956004975353572,1.67E-04,,/WplusH_HToZZTo4L_M120_13TeV_powheg2-minlo-HWJ_JHUgenV6_pythia8/RunIISpring16MiniAODv2-PUSpring16RAWAODSIM_reHLT_80X_mcRun2_asymptotic_v14-v1/MINIAODSIM,dbs,,1,ADDLHEKINEMATICS=True;VVMODE=1;VVDECAYMODE=0,,
#WplusH124, ,0.861196848942737,2.52E-04,,/WplusH_HToZZTo4L_M124_13TeV_powheg2-minlo-HWJ_JHUgenV6_pythia8/RunIISpring16MiniAODv2-PUSpring16RAWAODSIM_reHLT_80X_mcRun2_asymptotic_v14-v1/MINIAODSIM,dbs,,1,ADDLHEKINEMATICS=True;VVMODE=1;VVDECAYMODE=0,,
#WplusH125, ,0.839913391993366,2.76E-04,,/WplusH_HToZZTo4L_M125_13TeV_powheg2-minlo-HWJ_JHUgenV6_pythia8/RunIISpring16MiniAODv2-PUSpring16RAWAODSIM_reHLT_80X_mcRun2_asymptotic_v14-v1/MINIAODSIM,dbs,,1,ADDLHEKINEMATICS=True;VVMODE=1;VVDECAYMODE=0;PRODANOMALOUS=True,,
#WplusH126, ,0.818445662689455,3.02E-04,,/WplusH_HToZZTo4L_M126_13TeV_powheg2-minlo-HWJ_JHUgenV6_pythia8/RunIISpring16MiniAODv2-PUSpring16RAWAODSIM_reHLT_80X_mcRun2_asymptotic_v14-v1/MINIAODSIM,dbs,,1,ADDLHEKINEMATICS=True;VVMODE=1;VVDECAYMODE=0,,
#WplusH130, ,0.741327682314461,4.14E-04,,/WplusH_HToZZTo4L_M130_13TeV_powheg2-minlo-HWJ_JHUgenV6_pythia8/RunIISpring16MiniAODv2-PUSpring16RAWAODSIM_reHLT_80X_mcRun2_asymptotic_v14-v1/MINIAODSIM,dbs,,1,ADDLHEKINEMATICS=True;VVMODE=1;VVDECAYMODE=0,,
#WplusH135, ,0.7087,5.67E-04,           ,/WplusH_HToZZTo4L_M135_13TeV_powheg2-minlo-HWJ_JHUgenV6_pythia8/RunIISpring16MiniAODv2-PUSpring16RAWAODSIM_reHLT_80X_mcRun2_asymptotic_v14-v3/MINIAODSIM,dbs,,1,ADDLHEKINEMATICS=True;VVMODE=1;VVDECAYMODE=0,,
#WplusH140, ,0.6308,7.11E-04,           ,/WplusH_HToZZTo4L_M140_13TeV_powheg2-minlo-HWJ_JHUgenV6_pythia8/RunIISpring16MiniAODv2-PUSpring16RAWAODSIM_reHLT_80X_mcRun2_asymptotic_v14-v3/MINIAODSIM,dbs,,1,ADDLHEKINEMATICS=True;VVMODE=1;VVDECAYMODE=0,,
#WplusH145, ,0.563,8.17E-04,            ,/WplusH_HToZZTo4L_M145_13TeV_powheg2-minlo-HWJ_JHUgenV6_pythia8/RunIISpring16MiniAODv2-PUSpring16RAWAODSIM_reHLT_80X_mcRun2_asymptotic_v14-v1/MINIAODSIM,dbs,,1,ADDLHEKINEMATICS=True;VVMODE=1;VVDECAYMODE=0,,
#WplusH150, ,0.5037,8.50E-04,           ,/WplusH_HToZZTo4L_M150_13TeV_powheg2-minlo-HWJ_JHUgenV6_pythia8/RunIISpring16MiniAODv2-PUSpring16RAWAODSIM_reHLT_80X_mcRun2_asymptotic_v14-v1/MINIAODSIM,dbs,,1,ADDLHEKINEMATICS=True;VVMODE=1;VVDECAYMODE=0,,
#WplusH155, ,0.45,7.59E-04,             ,/WplusH_HToZZTo4L_M155_13TeV_powheg2-minlo-HWJ_JHUgenV6_pythia8/RunIISpring16MiniAODv2-PUSpring16RAWAODSIM_reHLT_80X_mcRun2_asymptotic_v14-v2/MINIAODSIM,dbs,,1,ADDLHEKINEMATICS=True;VVMODE=1;VVDECAYMODE=0,,#cross-section value is a guess from nearby mH points
#WplusH160, ,0.4068,4.25E-04,           ,/WplusH_HToZZTo4L_M160_13TeV_powheg2-minlo-HWJ_JHUgenV6_pythia8/RunIISpring16MiniAODv2-PUSpring16RAWAODSIM_reHLT_80X_mcRun2_asymptotic_v14-v1/MINIAODSIM,dbs,,1,ADDLHEKINEMATICS=True;VVMODE=1;VVDECAYMODE=0,,
#WplusH165, ,0.365,2.27E-04,            ,/WplusH_HToZZTo4L_M165_13TeV_powheg2-minlo-HWJ_JHUgenV6_pythia8/RunIISpring16MiniAODv2-PUSpring16RAWAODSIM_reHLT_80X_mcRun2_asymptotic_v14-v1/MINIAODSIM,dbs,,1,ADDLHEKINEMATICS=True;VVMODE=1;VVDECAYMODE=0,,#cross-section value is a guess from nearby mH points
#WplusH170, ,0.3321,2.41E-04,           ,/WplusH_HToZZTo4L_M170_13TeV_powheg2-minlo-HWJ_JHUgenV6_pythia8/RunIISpring16MiniAODv2-PUSpring16RAWAODSIM_reHLT_80X_mcRun2_asymptotic_v14-v1/MINIAODSIM,dbs,,1,ADDLHEKINEMATICS=True;VVMODE=1;VVDECAYMODE=0,,
#WplusH175, ,0.3,3.30E-04,              ,/WplusH_HToZZTo4L_M175_13TeV_powheg2-minlo-HWJ_JHUgenV6_pythia8/RunIISpring16MiniAODv2-PUSpring16RAWAODSIM_reHLT_80X_mcRun2_asymptotic_v14-v1/MINIAODSIM,dbs,,1,ADDLHEKINEMATICS=True;VVMODE=1;VVDECAYMODE=0;ADDLOOSEELE=True,,#cross-section value is a guess from nearby mH points
#WplusH180, ,0.2734,6.12E-04,           ,/WplusH_HToZZTo4L_M180_13TeV_powheg2-minlo-HWJ_JHUgenV6_pythia8/RunIISpring16MiniAODv2-PUSpring16RAWAODSIM_reHLT_80X_mcRun2_asymptotic_v14-v1/MINIAODSIM,dbs,,1,ADDLHEKINEMATICS=True;VVMODE=1;VVDECAYMODE=0;ADDLOOSEELE=True,,
#WplusH190, ,0.227,2.12E-03,            ,/WplusH_HToZZTo4L_M190_13TeV_powheg2-minlo-HWJ_JHUgenV6_pythia8/RunIISpring16MiniAODv2-PUSpring16RAWAODSIM_reHLT_80X_mcRun2_asymptotic_v14-v1/MINIAODSIM,dbs,,1,ADDLHEKINEMATICS=True;VVMODE=1;VVDECAYMODE=0;ADDLOOSEELE=True,,
#WplusH200, ,0.1899,2.59E-03,           ,/WplusH_HToZZTo4L_M200_13TeV_powheg2-minlo-HWJ_JHUgenV6_pythia8/RunIISpring16MiniAODv2-PUSpring16RAWAODSIM_reHLT_80X_mcRun2_asymptotic_v14-v1/MINIAODSIM,dbs,,1,ADDLHEKINEMATICS=True;VVMODE=1;VVDECAYMODE=0;ADDLOOSEELE=True,,
#WplusH210, ,0.16,2.78E-03,             ,/WplusH_HToZZTo4L_M210_13TeV_powheg2-minlo-HWJ_JHUgenV6_pythia8/RunIISpring16MiniAODv2-PUSpring16RAWAODSIM_reHLT_80X_mcRun2_asymptotic_v14-v1/MINIAODSIM,dbs,,1,ADDLHEKINEMATICS=True;VVMODE=1;VVDECAYMODE=0;ADDLOOSEELE=True,,
#WplusH230, ,0.1156,2.93E-03,           ,/WplusH_HToZZTo4L_M230_13TeV_powheg2-minlo-HWJ_JHUgenV6_pythia8/RunIISpring16MiniAODv2-PUSpring16RAWAODSIM_reHLT_80X_mcRun2_asymptotic_v14-v2/MINIAODSIM,dbs,,1,ADDLHEKINEMATICS=True;VVMODE=1;VVDECAYMODE=0;ADDLOOSEELE=True,,
#WplusH250, ,0.08547,3.01E-03,          ,/WplusH_HToZZTo4L_M250_13TeV_powheg2-minlo-HWJ_JHUgenV6_pythia8/RunIISpring16MiniAODv2-PUSpring16RAWAODSIM_reHLT_80X_mcRun2_asymptotic_v14-v1/MINIAODSIM,dbs,,1,ADDLHEKINEMATICS=True;VVMODE=1;VVDECAYMODE=0;ADDLOOSEELE=True,,
#WplusH270, ,0.06442,3.05E-03,          ,/WplusH_HToZZTo4L_M270_13TeV_powheg2-minlo-HWJ_JHUgenV6_pythia8/RunIISpring16MiniAODv2-PUSpring16RAWAODSIM_reHLT_80X_mcRun2_asymptotic_v14-v1/MINIAODSIM,dbs,,1,ADDLHEKINEMATICS=True;VVMODE=1;VVDECAYMODE=0;ADDLOOSEELE=True,,

#WminusH115, ,0.7478,9.22E-05,           ,/WminusH_HToZZTo4L_M115_13TeV_powheg2-minlo-HWJ_JHUgenV6_pythia8/RunIISpring16MiniAODv2-PUSpring16RAWAODSIM_reHLT_80X_mcRun2_asymptotic_v14-v1/MINIAODSIM,dbs,,1,ADDLHEKINEMATICS=True;VVMODE=1;VVDECAYMODE=0,,
#WminusH120, ,0.609204404109273,1.67E-04,,/WminusH_HToZZTo4L_M120_13TeV_powheg2-minlo-HWJ_JHUgenV6_pythia8/RunIISpring16MiniAODv2-PUSpring16RAWAODSIM_reHLT_80X_mcRun2_asymptotic_v14-v1/MINIAODSIM,dbs,,1,ADDLHEKINEMATICS=True;VVMODE=1;VVDECAYMODE=0,,
#WminusH124, ,0.5464596673884,2.52E-04,  ,/WminusH_HToZZTo4L_M124_13TeV_powheg2-minlo-HWJ_JHUgenV6_pythia8/RunIISpring16MiniAODv2-PUSpring16RAWAODSIM_reHLT_80X_mcRun2_asymptotic_v14-v1/MINIAODSIM,dbs,,1,ADDLHEKINEMATICS=True;VVMODE=1;VVDECAYMODE=0,,
#WminusH125, ,0.532731376975169,2.76E-04,,/WminusH_HToZZTo4L_M125_13TeV_powheg2-minlo-HWJ_JHUgenV6_pythia8/RunIISpring16MiniAODv2-PUSpring16RAWAODSIM_reHLT_80X_mcRun2_asymptotic_v14-v1/MINIAODSIM,dbs,,1,ADDLHEKINEMATICS=True;VVMODE=1;VVDECAYMODE=0;PRODANOMALOUS=True,,
#WminusH126, ,0.518726678030129,3.02E-04,,/WminusH_HToZZTo4L_M126_13TeV_powheg2-minlo-HWJ_JHUgenV6_pythia8/RunIISpring16MiniAODv2-PUSpring16RAWAODSIM_reHLT_80X_mcRun2_asymptotic_v14-v1/MINIAODSIM,dbs,,1,ADDLHEKINEMATICS=True;VVMODE=1;VVDECAYMODE=0,,
#WminusH130, ,0.467591099645276,4.14E-04,,/WminusH_HToZZTo4L_M130_13TeV_powheg2-minlo-HWJ_JHUgenV6_pythia8/RunIISpring16MiniAODv2-PUSpring16RAWAODSIM_reHLT_80X_mcRun2_asymptotic_v14-v1/MINIAODSIM,dbs,,1,ADDLHEKINEMATICS=True;VVMODE=1;VVDECAYMODE=0,,
#WminusH135, ,0.4447,5.67E-04,           ,/WminusH_HToZZTo4L_M135_13TeV_powheg2-minlo-HWJ_JHUgenV6_pythia8/RunIISpring16MiniAODv2-PUSpring16RAWAODSIM_reHLT_80X_mcRun2_asymptotic_v14-v1/MINIAODSIM,dbs,,1,ADDLHEKINEMATICS=True;VVMODE=1;VVDECAYMODE=0,,
#WminusH140, ,0.394,7.11E-04,            ,/WminusH_HToZZTo4L_M140_13TeV_powheg2-minlo-HWJ_JHUgenV6_pythia8/RunIISpring16MiniAODv2-PUSpring16RAWAODSIM_reHLT_80X_mcRun2_asymptotic_v14-v1/MINIAODSIM,dbs,,1,ADDLHEKINEMATICS=True;VVMODE=1;VVDECAYMODE=0,,
#WminusH145, ,0.3498,8.17E-04,           ,/WminusH_HToZZTo4L_M145_13TeV_powheg2-minlo-HWJ_JHUgenV6_pythia8/RunIISpring16MiniAODv2-PUSpring16RAWAODSIM_reHLT_80X_mcRun2_asymptotic_v14-v1/MINIAODSIM,dbs,,1,ADDLHEKINEMATICS=True;VVMODE=1;VVDECAYMODE=0,,
#WminusH150, ,0.3117,8.50E-04,           ,/WminusH_HToZZTo4L_M150_13TeV_powheg2-minlo-HWJ_JHUgenV6_pythia8/RunIISpring16MiniAODv2-PUSpring16RAWAODSIM_reHLT_80X_mcRun2_asymptotic_v14-v1/MINIAODSIM,dbs,,1,ADDLHEKINEMATICS=True;VVMODE=1;VVDECAYMODE=0,,
#WminusH155, ,0.273,7.59E-04,            ,/WminusH_HToZZTo4L_M155_13TeV_powheg2-minlo-HWJ_JHUgenV6_pythia8/RunIISpring16MiniAODv2-PUSpring16RAWAODSIM_reHLT_80X_mcRun2_asymptotic_v14-v1/MINIAODSIM,dbs,,1,ADDLHEKINEMATICS=True;VVMODE=1;VVDECAYMODE=0,,#cross-section value is a guess from nearby mH points
#WminusH160, ,0.2494,4.25E-04,           ,/WminusH_HToZZTo4L_M160_13TeV_powheg2-minlo-HWJ_JHUgenV6_pythia8/RunIISpring16MiniAODv2-PUSpring16RAWAODSIM_reHLT_80X_mcRun2_asymptotic_v14-v1/MINIAODSIM,dbs,,1,ADDLHEKINEMATICS=True;VVMODE=1;VVDECAYMODE=0,,
#WminusH165, ,0.222,2.27E-04,            ,/WminusH_HToZZTo4L_M165_13TeV_powheg2-minlo-HWJ_JHUgenV6_pythia8/RunIISpring16MiniAODv2-PUSpring16RAWAODSIM_reHLT_80X_mcRun2_asymptotic_v14-v1/MINIAODSIM,dbs,,1,ADDLHEKINEMATICS=True;VVMODE=1;VVDECAYMODE=0,,#cross-section value is a guess from nearby mH points
#WminusH170, ,0.2018,2.41E-04,           ,/WminusH_HToZZTo4L_M170_13TeV_powheg2-minlo-HWJ_JHUgenV6_pythia8/RunIISpring16MiniAODv2-PUSpring16RAWAODSIM_reHLT_80X_mcRun2_asymptotic_v14-v1/MINIAODSIM,dbs,,1,ADDLHEKINEMATICS=True;VVMODE=1;VVDECAYMODE=0,,
#WminusH175, ,0.182,3.30E-04 ,           ,/WminusH_HToZZTo4L_M175_13TeV_powheg2-minlo-HWJ_JHUgenV6_pythia8/RunIISpring16MiniAODv2-PUSpring16RAWAODSIM_reHLT_80X_mcRun2_asymptotic_v14-v1/MINIAODSIM,dbs,,1,ADDLHEKINEMATICS=True;VVMODE=1;VVDECAYMODE=0;ADDLOOSEELE=True,,#cross-section value is a guess from nearby mH points
#WminusH180, ,0.1646,6.12E-04,           ,/WminusH_HToZZTo4L_M180_13TeV_powheg2-minlo-HWJ_JHUgenV6_pythia8/RunIISpring16MiniAODv2-PUSpring16RAWAODSIM_reHLT_80X_mcRun2_asymptotic_v14-v1/MINIAODSIM,dbs,,1,ADDLHEKINEMATICS=True;VVMODE=1;VVDECAYMODE=0;ADDLOOSEELE=True,,
#WminusH190, ,0.1355,2.12E-03,           ,/WminusH_HToZZTo4L_M190_13TeV_powheg2-minlo-HWJ_JHUgenV6_pythia8/RunIISpring16MiniAODv2-PUSpring16RAWAODSIM_reHLT_80X_mcRun2_asymptotic_v14-v1/MINIAODSIM,dbs,,1,ADDLHEKINEMATICS=True;VVMODE=1;VVDECAYMODE=0;ADDLOOSEELE=True,,
#WminusH200, ,0.1124,2.59E-03,           ,/WminusH_HToZZTo4L_M200_13TeV_powheg2-minlo-HWJ_JHUgenV6_pythia8/RunIISpring16MiniAODv2-PUSpring16RAWAODSIM_reHLT_80X_mcRun2_asymptotic_v14-v1/MINIAODSIM,dbs,,1,ADDLHEKINEMATICS=True;VVMODE=1;VVDECAYMODE=0;ADDLOOSEELE=True,,
#WminusH210, ,0.09383,2.78E-03,          ,/WminusH_HToZZTo4L_M210_13TeV_powheg2-minlo-HWJ_JHUgenV6_pythia8/RunIISpring16MiniAODv2-PUSpring16RAWAODSIM_reHLT_80X_mcRun2_asymptotic_v14-v1/MINIAODSIM,dbs,,1,ADDLHEKINEMATICS=True;VVMODE=1;VVDECAYMODE=0;ADDLOOSEELE=True,,
#WminusH230, ,0.06678,2.93E-03,          ,/WminusH_HToZZTo4L_M230_13TeV_powheg2-minlo-HWJ_JHUgenV6_pythia8/RunIISpring16MiniAODv2-PUSpring16RAWAODSIM_reHLT_80X_mcRun2_asymptotic_v14-v3/MINIAODSIM,dbs,,1,ADDLHEKINEMATICS=True;VVMODE=1;VVDECAYMODE=0;ADDLOOSEELE=True,,
#WminusH250, ,0.04853,3.01E-03,          ,/WminusH_HToZZTo4L_M250_13TeV_powheg2-minlo-HWJ_JHUgenV6_pythia8/RunIISpring16MiniAODv2-PUSpring16RAWAODSIM_reHLT_80X_mcRun2_asymptotic_v14-v1/MINIAODSIM,dbs,,1,ADDLHEKINEMATICS=True;VVMODE=1;VVDECAYMODE=0;ADDLOOSEELE=True,,
#WminusH270, ,0.03602,3.05E-03,          ,/WminusH_HToZZTo4L_M270_13TeV_powheg2-minlo-HWJ_JHUgenV6_pythia8/RunIISpring16MiniAODv2-PUSpring16RAWAODSIM_reHLT_80X_mcRun2_asymptotic_v14-v1/MINIAODSIM,dbs,,1,ADDLHEKINEMATICS=True;VVMODE=1;VVDECAYMODE=0;ADDLOOSEELE=True,,

#ZH115, ,1.155,0.000247135035228579,            ,/ZH_HToZZ_4LFilter_M115_13TeV_powheg2-minlo-HZJ_JHUgenV6_pythia8/RunIISpring16MiniAODv2-PUSpring16RAWAODSIM_reHLT_80X_mcRun2_asymptotic_v14-v1/MINIAODSIM,dbs,,2,ADDLHEKINEMATICS=True;VVMODE=1;VVDECAYMODE=-2,,
#ZH120, ,0.993920889277692,0.000453888586726606,,/ZH_HToZZ_4LFilter_M120_13TeV_powheg2-minlo-HZJ_JHUgenV6_pythia8/RunIISpring16MiniAODv2-PUSpring16RAWAODSIM_reHLT_80X_mcRun2_asymptotic_v14-v1/MINIAODSIM,dbs,,2,ADDLHEKINEMATICS=True;VVMODE=1;VVDECAYMODE=-2,,
#ZH124, ,0.905149809820469,0.000688170962528139,,/ZH_HToZZ_4LFilter_M124_13TeV_powheg2-minlo-HZJ_JHUgenV6_pythia8/RunIISpring16MiniAODv2-PUSpring16RAWAODSIM_reHLT_80X_mcRun2_asymptotic_v14-v2/MINIAODSIM,dbs,,2,ADDLHEKINEMATICS=True;VVMODE=1;VVDECAYMODE=-2,,
#ZH125, ,0.883888217433748,0.000755429641610507,,/ZH_HToZZ_4LFilter_M125_13TeV_powheg2-minlo-HZJ_JHUgenV6_pythia8/RunIISpring16MiniAODv2-PUSpring16RAWAODSIM_reHLT_80X_mcRun2_asymptotic_v14-v1/MINIAODSIM,dbs,,2,ADDLHEKINEMATICS=True;VVMODE=1;VVDECAYMODE=-2;PRODANOMALOUS=True,,
#ZH126, ,0.865060831373181,0.000827830400920232,,/ZH_HToZZ_4LFilter_M126_13TeV_powheg2-minlo-HZJ_JHUgenV6_pythia8/RunIISpring16MiniAODv2-PUSpring16RAWAODSIM_reHLT_80X_mcRun2_asymptotic_v14-v1/MINIAODSIM,dbs,,2,ADDLHEKINEMATICS=True;VVMODE=1;VVDECAYMODE=-2,,
#ZH130, ,0.789702353516841,0.00114121001393631, ,/ZH_HToZZ_4LFilter_M130_13TeV_powheg2-minlo-HZJ_JHUgenV6_pythia8/RunIISpring16MiniAODv2-PUSpring16RAWAODSIM_reHLT_80X_mcRun2_asymptotic_v14-v1/MINIAODSIM,dbs,,2,ADDLHEKINEMATICS=True;VVMODE=1;VVDECAYMODE=-2,,
#ZH135, ,0.7262,0.00156912061875241,            ,/ZH_HToZZ_4LFilter_M135_13TeV_powheg2-minlo-HZJ_JHUgenV6_pythia8/RunIISpring16MiniAODv2-PUSpring16RAWAODSIM_reHLT_80X_mcRun2_asymptotic_v14-v1/MINIAODSIM,dbs,,2,ADDLHEKINEMATICS=True;VVMODE=1;VVDECAYMODE=-2,,
#ZH140, ,0.6514,0.00197164043379929,            ,/ZH_HToZZ_4LFilter_M140_13TeV_powheg2-minlo-HZJ_JHUgenV6_pythia8/RunIISpring16MiniAODv2-PUSpring16RAWAODSIM_reHLT_80X_mcRun2_asymptotic_v14-v1/MINIAODSIM,dbs,,2,ADDLHEKINEMATICS=True;VVMODE=1;VVDECAYMODE=-2,,
#ZH145, ,0.5856,0.00227024900215243,            ,/ZH_HToZZ_4LFilter_M145_13TeV_powheg2-minlo-HZJ_JHUgenV6_pythia8/RunIISpring16MiniAODv2-PUSpring16RAWAODSIM_reHLT_80X_mcRun2_asymptotic_v14-v1/MINIAODSIM,dbs,,2,ADDLHEKINEMATICS=True;VVMODE=1;VVDECAYMODE=-2,,
#ZH150, ,0.5279,0.0023714204740321,             ,/ZH_HToZZ_4LFilter_M150_13TeV_powheg2-minlo-HZJ_JHUgenV6_pythia8/RunIISpring16MiniAODv2-PUSpring16RAWAODSIM_reHLT_80X_mcRun2_asymptotic_v14-v2/MINIAODSIM,dbs,,2,ADDLHEKINEMATICS=True;VVMODE=1;VVDECAYMODE=-2,,
#ZH155, ,0.475,0.0019,                          ,/ZH_HToZZ_4LFilter_M155_13TeV_powheg2-minlo-HZJ_JHUgenV6_pythia8/RunIISpring16MiniAODv2-PUSpring16RAWAODSIM_reHLT_80X_mcRun2_asymptotic_v14-v1/MINIAODSIM,dbs,,2,ADDLHEKINEMATICS=True;VVMODE=1;VVDECAYMODE=-2,,#cross-section AND BR*eff(gen. Filter) values are a guess from nearby mH points
#ZH160, ,0.4318,0.00119301865745105,            ,/ZH_HToZZ_4LFilter_M160_13TeV_powheg2-minlo-HZJ_JHUgenV6_pythia8/RunIISpring16MiniAODv2-PUSpring16RAWAODSIM_reHLT_80X_mcRun2_asymptotic_v14-v1/MINIAODSIM,dbs,,2,ADDLHEKINEMATICS=True;VVMODE=1;VVDECAYMODE=-2,,
#ZH165, ,0.39,0.000638823061002565,             ,/ZH_HToZZ_4LFilter_M165_13TeV_powheg2-minlo-HZJ_JHUgenV6_pythia8/RunIISpring16MiniAODv2-PUSpring16RAWAODSIM_reHLT_80X_mcRun2_asymptotic_v14-v1/MINIAODSIM,dbs,,2,ADDLHEKINEMATICS=True;VVMODE=1;VVDECAYMODE=-2,,#cross-section value is a guess from nearby mH points
#ZH170, ,0.356,0.000678878234017307,            ,/ZH_HToZZ_4LFilter_M170_13TeV_powheg2-minlo-HZJ_JHUgenV6_pythia8/RunIISpring16MiniAODv2-PUSpring16RAWAODSIM_reHLT_80X_mcRun2_asymptotic_v14-v1/MINIAODSIM,dbs,,2,ADDLHEKINEMATICS=True;VVMODE=1;VVDECAYMODE=-2,,
#ZH175, ,0.323,0.00092912194582859,             ,/ZH_HToZZ_4LFilter_M175_13TeV_powheg2-minlo-HZJ_JHUgenV6_pythia8/RunIISpring16MiniAODv2-PUSpring16RAWAODSIM_reHLT_80X_mcRun2_asymptotic_v14-v1/MINIAODSIM,dbs,,2,ADDLHEKINEMATICS=True;VVMODE=1;VVDECAYMODE=-2;ADDLOOSEELE=True,,#cross-section value is a guess from nearby mH points
#ZH180, ,0.2951,0.00173114922399615,            ,/ZH_HToZZ_4LFilter_M180_13TeV_powheg2-minlo-HZJ_JHUgenV6_pythia8/RunIISpring16MiniAODv2-PUSpring16RAWAODSIM_reHLT_80X_mcRun2_asymptotic_v14-v1/MINIAODSIM,dbs,,2,ADDLHEKINEMATICS=True;VVMODE=1;VVDECAYMODE=-2;ADDLOOSEELE=True,,
#ZH190, ,0.2455,0.00602685003933475,            ,/ZH_HToZZ_4LFilter_M190_13TeV_powheg2-minlo-HZJ_JHUgenV6_pythia8/RunIISpring16MiniAODv2-PUSpring16RAWAODSIM_reHLT_80X_mcRun2_asymptotic_v14-v1/MINIAODSIM,dbs,,2,ADDLHEKINEMATICS=True;VVMODE=1;VVDECAYMODE=-2;ADDLOOSEELE=True,,
#ZH200, ,0.2054,0.00735509964536969,            ,/ZH_HToZZ_4LFilter_M200_13TeV_powheg2-minlo-HZJ_JHUgenV6_pythia8/RunIISpring16MiniAODv2-PUSpring16RAWAODSIM_reHLT_80X_mcRun2_asymptotic_v14-v1/MINIAODSIM,dbs,,2,ADDLHEKINEMATICS=True;VVMODE=1;VVDECAYMODE=-2;ADDLOOSEELE=True,,
#ZH210, ,0.1722,0.00788915180088121,            ,/ZH_HToZZ_4LFilter_M210_13TeV_powheg2-minlo-HZJ_JHUgenV6_pythia8/RunIISpring16MiniAODv2-PUSpring16RAWAODSIM_reHLT_80X_mcRun2_asymptotic_v14-v1/MINIAODSIM,dbs,,2,ADDLHEKINEMATICS=True;VVMODE=1;VVDECAYMODE=-2;ADDLOOSEELE=True,,
#ZH230, ,0.1223,0.00832041584475045,            ,/ZH_HToZZ_4LFilter_M230_13TeV_powheg2-minlo-HZJ_JHUgenV6_pythia8/RunIISpring16MiniAODv2-PUSpring16RAWAODSIM_reHLT_80X_mcRun2_asymptotic_v14-v1/MINIAODSIM,dbs,,2,ADDLHEKINEMATICS=True;VVMODE=1;VVDECAYMODE=-2;ADDLOOSEELE=True,,
#ZH250, ,0.08773,0.00854486320827602,           ,/ZH_HToZZ_4LFilter_M250_13TeV_powheg2-minlo-HZJ_JHUgenV6_pythia8/RunIISpring16MiniAODv2-PUSpring16RAWAODSIM_reHLT_80X_mcRun2_asymptotic_v14-v1/MINIAODSIM,dbs,,2,ADDLHEKINEMATICS=True;VVMODE=1;VVDECAYMODE=-2;ADDLOOSEELE=True,,
#ZH270, ,0.06406,0.00866984488575163,           ,/ZH_HToZZ_4LFilter_M270_13TeV_powheg2-minlo-HZJ_JHUgenV6_pythia8/RunIISpring16MiniAODv2-PUSpring16RAWAODSIM_reHLT_80X_mcRun2_asymptotic_v14-v2/MINIAODSIM,dbs,,2,ADDLHEKINEMATICS=True;VVMODE=1;VVDECAYMODE=-2;ADDLOOSEELE=True,,
##ZH300, ,0.04132,0.00883014935765305,          ,/ZH_HToZZ_4LFilter_M300_13TeV_powheg2-minlo-HZJ_JHUgenV6_pythia8/RunIISpring16MiniAODv2-PUSpring16RAWAODSIM_reHLT_80X_mcRun2_asymptotic_v14-v1/MINIAODSIM,dbs,,2,ADDLHEKINEMATICS=True;VVMODE=1;VVDECAYMODE=-2;ADDLOOSEELE=True,,
##ZH350, ,0.02173,0.00883002922114134,          ,/ZH_HToZZ_4LFilter_M350_13TeV_powheg2-minlo-HZJ_JHUgenV6_pythia8/RunIISpring16MiniAODv2-PUSpring16RAWAODSIM_reHLT_80X_mcRun2_asymptotic_v14-v1/MINIAODSIM,dbs,,2,ADDLHEKINEMATICS=True;VVMODE=1;VVDECAYMODE=-2;ADDLOOSEELE=True,,
##ZH400, ,0.01273,0.00774695924279117,          ,/ZH_HToZZ_4LFilter_M400_13TeV_powheg2-minlo-HZJ_JHUgenV6_pythia8/RunIISpring16MiniAODv2-PUSpring16RAWAODSIM_reHLT_80X_mcRun2_asymptotic_v14-v1/MINIAODSIM,dbs,,2,ADDLHEKINEMATICS=True;VVMODE=1;VVDECAYMODE=-2;ADDLOOSEELE=True,,

#ttH115, ,0.65758970026191355,0.000253741517750,,/ttH_HToZZ_4LFilter_M115_13TeV_powheg2_JHUgenV6_pythia8/RunIISpring16MiniAODv2-PUSpring16RAWAODSIM_reHLT_80X_mcRun2_asymptotic_v14-v1/MINIAODSIM,dbs,,2,,,#FIXME: no official x-section; this is the Powheg one
#ttH120, ,0.5697,0.000466022062711717,          ,/ttH_HToZZ_4LFilter_M120_13TeV_powheg2_JHUgenV6_pythia8/RunIISpring16MiniAODv2-PUSpring16RAWAODSIM_reHLT_80X_mcRun2_asymptotic_v14-v1/MINIAODSIM,dbs,,2,,,
#ttH124, ,0.5193,0.000706567340167208,          ,/ttH_HToZZ_4LFilter_M124_13TeV_powheg2_JHUgenV6_pythia8/RunIISpring16MiniAODv2-PUSpring16RAWAODSIM_reHLT_80X_mcRun2_asymptotic_v14-v1/MINIAODSIM,dbs,,2,,,
ttH125, ,0.5071,0.000775623996972085,          ,/ttH_HToZZ_4LFilter_M125_13TeV_powheg2_JHUgenV6_pythia8/RunIISpring16MiniAODv2-PUSpring16RAWAODSIM_reHLT_80X_mcRun2_asymptotic_v14-v1/MINIAODSIM,dbs,,2,PRODANOMALOUS=True,,
#ttH126, ,0.4964,0.000849960193523632,          ,/ttH_HToZZ_4LFilter_M126_13TeV_powheg2_JHUgenV6_pythia8/RunIISpring16MiniAODv2-PUSpring16RAWAODSIM_reHLT_80X_mcRun2_asymptotic_v14-v1/MINIAODSIM,dbs,,2,,,
#ttH130, ,0.4539,0.00117171715754599,           ,/ttH_HToZZ_4LFilter_M130_13TeV_powheg2_JHUgenV6_pythia8/RunIISpring16MiniAODv2-PUSpring16RAWAODSIM_reHLT_80X_mcRun2_asymptotic_v14-v1/MINIAODSIM,dbs,,2,,,
#ttH135, ,0.42109300804012317,0.001611066787706,,/ttH_HToZZ_4LFilter_M135_13TeV_powheg2_JHUgenV6_pythia8/RunIISpring16MiniAODv2-PUSpring16RAWAODSIM_reHLT_80X_mcRun2_asymptotic_v14-v1/MINIAODSIM,dbs,,2,,,#FIXME: no official x-section; this is the Powheg one
#ttH140, ,0.42921095997158676,0.002024346874442,,/ttH_HToZZ_4LFilter_M140_13TeV_powheg2_JHUgenV6_pythia8/RunIISpring16MiniAODv2-PUSpring16RAWAODSIM_reHLT_80X_mcRun2_asymptotic_v14-v1/MINIAODSIM,dbs,,2,,,#FIXME: no official x-section; this is the Powheg one
#ttH145, ,0.35548180671643492,0.002330937930125,,/ttH_HToZZ_4LFilter_M145_13TeV_powheg2_JHUgenV6_pythia8/RunIISpring16MiniAODv2-PUSpring16RAWAODSIM_reHLT_80X_mcRun2_asymptotic_v14-v1/MINIAODSIM,dbs,,2,,,#FIXME: no official x-section; this is the Powheg one

####,,,,,,,,,,,MC background - Fall15 samples

ZZTo4l,,            1.256,      ,,/ZZTo4L_13TeV_powheg_pythia8/RunIISpring16MiniAODv2-PUSpring16_80X_mcRun2_asymptotic_2016_miniAODv2_v0-v1/MINIAODSIM,dbs,,4,PROCESS_CR=True;APPLY_K_NNLOQCD_ZZQQB=True;APPLY_K_NLOEW_ZZQQB=True;ADDLOOSEELE=True;APPLYTRIG=False;PRODANOMALOUS=True,,
##ZZTo4lamcatnlo,,    1.256,      ,,/ZZTo4L_13TeV-amcatnloFXFX-pythia8/RunIIFall15MiniAODv2-PU25nsData2015v1_76X_mcRun2_asymptotic_v12-v1/MINIAODSIM,dbs,,3,PROCESS_CR=True;APPLY_K_NNLOQCD_ZZQQB=True;APPLY_K_NLOEW_ZZQQB=True;APPLYTRIG=False,, # Xsection from the gen: 1.218

####,,,,,,,,,,,Xsec from https://twiki.cern.ch/twiki/bin/viewauth/CMS/Run2MCProductionforHiggsProperties#MCFM_ZZ_4l_l_e_mu_tau
ggTo4e_Contin_MCFM701,,      0.00158549,   ,,/GluGluToContinToZZTo4e_13TeV_MCFM701_pythia8/RunIISpring16MiniAODv2-PUSpring16_80X_mcRun2_asymptotic_2016_miniAODv2_v0-v1/MINIAODSIM,dbs,,1,PROCESS_CR=False;APPLY_K_NNLOQCD_ZZGG=1;ADDLOOSEELE=True;APPLYTRIG=False;PRODANOMALOUS=True,,
ggTo4mu_Contin_MCFM701,,     0.00158549,   ,,/GluGluToContinToZZTo4mu_13TeV_MCFM701_pythia8/RunIISpring16MiniAODv2-PUSpring16_80X_mcRun2_asymptotic_2016_miniAODv2_v0-v1/MINIAODSIM,dbs,,1,PROCESS_CR=False;APPLY_K_NNLOQCD_ZZGG=1;ADDLOOSEELE=True;APPLYTRIG=False;PRODANOMALOUS=True,,
ggTo4tau_Contin_MCFM701,,    0.00158549,   ,,/GluGluToContinToZZTo4tau_13TeV_MCFM701_pythia8/RunIISpring16MiniAODv2-PUSpring16_80X_mcRun2_asymptotic_2016_miniAODv2_v0-v1/MINIAODSIM,dbs,,5,PROCESS_CR=False;APPLY_K_NNLOQCD_ZZGG=1;ADDLOOSEELE=True;APPLYTRIG=False;PRODANOMALOUS=True,,
ggTo2e2mu_Contin_MCFM701,,   0.0031942,    ,,/GluGluToContinToZZTo2e2mu_13TeV_MCFM701_pythia8/RunIISpring16MiniAODv2-PUSpring16_80X_mcRun2_asymptotic_2016_miniAODv2_v0-v1/MINIAODSIM,dbs,,1,PROCESS_CR=False;APPLY_K_NNLOQCD_ZZGG=1;ADDLOOSEELE=True;APPLYTRIG=False;PRODANOMALOUS=True,,
ggTo2e2tau_Contin_MCFM701,,  0.0031942,    ,,/GluGluToContinToZZTo2e2tau_13TeV_MCFM701_pythia8/RunIISpring16MiniAODv2-PUSpring16_80X_mcRun2_asymptotic_2016_miniAODv2_v0-v1/MINIAODSIM,dbs,,2,PROCESS_CR=False;APPLY_K_NNLOQCD_ZZGG=1;ADDLOOSEELE=True;APPLYTRIG=False;PRODANOMALOUS=True,,
ggTo2mu2tau_Contin_MCFM701,, 0.0031942,    ,,/GluGluToContinToZZTo2mu2tau_13TeV_MCFM701_pythia8/RunIISpring16MiniAODv2-PUSpring16_80X_mcRun2_asymptotic_2016_miniAODv2_v0-v1/MINIAODSIM,dbs,,4,PROCESS_CR=False;APPLY_K_NNLOQCD_ZZGG=1;ADDLOOSEELE=True;APPLYTRIG=False;PRODANOMALOUS=True,,


###,,,,,,,,,,,Xsec from https://twiki.cern.ch/twiki/bin/view/CMS/PhantomGeneratorCMS averaging grid and events with their errors
#VBFTo2e2muJJ_0PMH125_phantom128,,2.4817E-04,,,/VBFToHiggs0PMToZZTo2e2muJJ_M125_GaSM_13TeV_phantom_pythia8/RunIISpring16MiniAODv2-PUSpring16RAWAODSIM_reHLT_80X_mcRun2_asymptotic_v14-v1/MINIAODSIM,dbs,,1,ADDLHEKINEMATICS=True;VVMODE=1;VVDECAYMODE=0;ADDLOOSEELE=True;PRODANOMALOUS=True,,
#VBFTo4eJJ_0PMH125_phantom128,,1.3339E-04,,,/VBFToHiggs0PMToZZTo4eJJ_M125_GaSM_13TeV_phantom_pythia8/RunIISpring16MiniAODv2-PUSpring16RAWAODSIM_reHLT_80X_mcRun2_asymptotic_v14-v1/MINIAODSIM,dbs,,1,ADDLHEKINEMATICS=True;VVMODE=1;VVDECAYMODE=0;ADDLOOSEELE=True;PRODANOMALOUS=True,,
#VBFTo4muJJ_0PMH125_phantom128,,1.3339E-04,,,/VBFToHiggs0PMToZZTo4muJJ_M125_GaSM_13TeV_phantom_pythia8/RunIISpring16MiniAODv2-PUSpring16RAWAODSIM_reHLT_80X_mcRun2_asymptotic_v14-v1/MINIAODSIM,dbs,,1,ADDLHEKINEMATICS=True;VVMODE=1;VVDECAYMODE=0;ADDLOOSEELE=True;PRODANOMALOUS=True,,

VBFTo2e2muJJ_Contin_phantom128,,6.429E-04,,,/VBFToContinZZTo2e2muJJ_13TeV_phantom_pythia8/RunIISpring16MiniAODv2-PUSpring16RAWAODSIM_reHLT_80X_mcRun2_asymptotic_v14-v1/MINIAODSIM,dbs,,1,ADDLHEKINEMATICS=True;VVMODE=1;VVDECAYMODE=0;PRODANOMALOUS=True,,
VBFTo4eJJ_Contin_phantom128,,3.098E-04,,,/VBFToContinZZTo4eJJ_13TeV_phantom_pythia8/RunIISpring16MiniAODv2-PUSpring16RAWAODSIM_reHLT_80X_mcRun2_asymptotic_v14-v1/MINIAODSIM,dbs,,1,ADDLHEKINEMATICS=True;VVMODE=1;VVDECAYMODE=0;ADDLOOSEELE=True;PRODANOMALOUS=True,,
VBFTo4muJJ_Contin_phantom128,,3.098E-04,,,/VBFToContinZZTo4muJJ_13TeV_phantom_pythia8/RunIISpring16MiniAODv2-PUSpring16RAWAODSIM_reHLT_80X_mcRun2_asymptotic_v14-v1/MINIAODSIM,dbs,,1,ADDLHEKINEMATICS=True;VVMODE=1;VVDECAYMODE=0;ADDLOOSEELE=True;PRODANOMALOUS=True,,

#VBFTo2e2muJJ_0PMH125Contin_phantom128,,8.357E-04,,,/VBFToHiggs0PMContinToZZTo2e2muJJ_M125_GaSM_13TeV_phantom_pythia8/RunIISpring16MiniAODv2-PUSpring16RAWAODSIM_reHLT_80X_mcRun2_asymptotic_v14-v1/MINIAODSIM,dbs,,1,ADDLHEKINEMATICS=True;VVMODE=1;VVDECAYMODE=0;ADDLOOSEELE=True;PRODANOMALOUS=True,,
#VBFTo4eJJ_0PMH125Contin_phantom128,,4.180E-04,,,/VBFToHiggs0PMContinToZZTo4eJJ_M125_GaSM_13TeV_phantom_pythia8/RunIISpring16MiniAODv2-PUSpring16RAWAODSIM_reHLT_80X_mcRun2_asymptotic_v14-v1/MINIAODSIM,dbs,,1,ADDLHEKINEMATICS=True;VVMODE=1;VVDECAYMODE=0;PRODANOMALOUS=True,,
#VBFTo4muJJ_0PMH125Contin_phantom128,,4.180E-04,,,/VBFToHiggs0PMContinToZZTo4muJJ_M125_GaSM_13TeV_phantom_pythia8/RunIISpring16MiniAODv2-PUSpring16RAWAODSIM_reHLT_80X_mcRun2_asymptotic_v14-v1/MINIAODSIM,dbs,,1,ADDLHEKINEMATICS=True;VVMODE=1;VVDECAYMODE=0;ADDLOOSEELE=True;PRODANOMALOUS=True,,

#DYJetsToLL_M50,,     6025.2,    ,,/DYJetsToLL_M-50_TuneCUETP8M1_13TeV-amcatnloFXFX-pythia8/RunIISpring16MiniAODv2-PUSpring16_80X_mcRun2_asymptotic_2016_miniAODv2_v0-v1/MINIAODSIM,dbs,,4,PROCESS_CR=True;ADDLOOSEELE=True;APPLYTRIG=False,,
#TTJets,,             831.76,    ,,/TTJets_TuneCUETP8M1_13TeV-amcatnloFXFX-pythia8/RunIISpring16MiniAODv2-PUSpring16RAWAODSIM_80X_mcRun2_asymptotic_2016_miniAODv2_v0-v1/MINIAODSIM,dbs,,2,PROCESS_CR=True;ADDLOOSEELE=True;APPLYTRIG=False,,
#TTTo2L2Nu,,          87.31,     ,,/TTTo2L2Nu_13TeV-powheg/RunIIFall15MiniAODv2-PU25nsData2015v1_76X_mcRun2_asymptotic_v12-v1/MINIAODSIM,dbs,,4,PROCESS_CR=True;APPLYTRIG=False,, # xs: 831.76*((3*0.108)**2) 
#WZTo3LNu,,           4.42965,   ,,/WZTo3LNu_TuneCUETP8M1_13TeV-powheg-pythia8/RunIISpring16MiniAODv2-PUSpring16_80X_mcRun2_asymptotic_2016_miniAODv2_v0-v1/MINIAODSIM,dbs,,4,PROCESS_CR=True;ADDLOOSEELE=True;APPLYTRIG=False,,
#ZGTo2LG,,            117.864,   ,,/ZGTo2LG_TuneCUETP8M1_13TeV-amcatnloFXFX-pythia8/RunIISpring16MiniAODv2-PUSpring16_80X_mcRun2_asymptotic_2016_miniAODv2_v0-v1/MINIAODSIM,dbs,,4,PROCESS_CR=True;ADDLOOSEELE=True;APPLYTRIG=False,,
